sample,table,clock,bench,side,group,horizon,n,mean_bps,se_bps,t,pos,diff_bps,diff_t
2006-2026,horizons,public,SPY,buy,all,1,9747,6.5693546080034775,2.9309559049352143,2.241369307856812,0.4975890017441264,,
2006-2026,horizons,insider,SPY,buy,all,1,14562,29.267225375970135,4.766113484130879,6.140689992677993,0.5403103969234995,,
2006-2026,roles,public,SPY,buy,CEO,1,1324,6.271749733180234,6.950458745204565,0.9023504725508078,0.5211480362537765,2.267228534901459,0.33299462371452504
2006-2026,roles,insider,SPY,buy,CEO,1,1324,51.134286058940994,7.887088794916455,6.483290272058189,0.56797583081571,24.054097119309716,3.5560617350331802
2006-2026,roles,public,SPY,buy,CFO,1,700,0.5812959897301663,9.158681336382292,0.06346939787292348,0.4942857142857143,-3.8126400279248718,-0.4204167027905805
2006-2026,roles,insider,SPY,buy,CFO,1,700,32.139353808039374,10.993958850660508,2.92336493565359,0.5385714285714286,3.0171644948630685,0.2628635367169062
2006-2026,roles,public,SPY,buy,Other officer,1,3662,4.923596920246325,5.991846481306224,0.8217161330163085,0.4836155106499181,0.952455970924934,0.1553971918105858
2006-2026,roles,insider,SPY,buy,Other officer,1,3662,25.306534703248726,9.143127451108597,2.767820402654491,0.5155652648825778,-5.291337392309078,-0.6388802493285812
2006-2026,roles,public,SPY,buy,Director,1,7628,3.509118299881395,4.210671648023812,0.833386830703915,0.4922653382275826,-1.4733007768492037,-0.2805370424878801
2006-2026,roles,insider,SPY,buy,Director,1,7628,23.34424848402043,4.700909400745952,4.96590052986686,0.5386733088620871,-12.438763989121966,-1.464808945613498
2006-2026,roles,public,SPY,buy,10% owner,1,1164,5.195476833009304,7.906230913709988,0.6571369960874738,0.5249140893470791,1.070375083798799,0.12415689685120125
2006-2026,roles,insider,SPY,buy,10% owner,1,1164,50.65023565931389,13.6663147501844,3.7062102392036937,0.5936426116838488,23.240737105989837,1.9230754005109159
2006-2026,roles,public,SPY,buy,Other,1,84,20.948131939801332,19.823564696121363,1.056728810429337,0.4880952380952381,16.834579986036903,0.8514892975260174
2006-2026,roles,insider,SPY,buy,Other,1,84,74.88882964720827,36.17284764130637,2.070305063892495,0.6071428571428571,45.88629654633024,1.3596122334646252
2006-2026,mixed,public,SPY,buy,alone,1,6729,8.272082508039366,4.543410970991319,1.820676703220289,0.500817357705454,,
2006-2026,mixed,public,SPY,buy,other side in the 30 days before,1,3018,2.772914568460239,3.345418218200691,0.8288693333988093,0.49039098740888004,-5.49916793957913,-0.8359607921228269
2006-2026,mixed,public,SPY,buy,"other side the same day, this side bigger",1,356,-18.959001016510555,14.318654817497393,-1.3240769652008555,0.449438202247191,,
2006-2026,mixed,public,SPY,buy,"other side the same day, other side bigger",1,721,-4.028347946856261,6.143868559428207,-0.655669617260036,0.4895977808599168,,
2006-2026,several insiders,public,SPY,buy,1 insider,1,8516,5.271059574973762,2.8772412761619894,1.8319838585121841,0.4951855331141381,,
2006-2026,several insiders,public,SPY,buy,2 or more insiders,1,1231,15.550898475819167,9.12937738561051,1.703390912542414,0.5142160844841592,10.279838900845407,1.1270660435598505
2006-2026,horizons,public,SPY,buy,all,5,9747,8.163233152220114,10.378773376862748,0.7865315924922587,0.4977941930850518,,
2006-2026,horizons,insider,SPY,buy,all,5,14562,74.93016476350468,11.88210345438298,6.30613637149111,0.5466968822963879,,
2006-2026,roles,public,SPY,buy,CEO,5,1324,9.63399508766843,18.741300855328703,0.5140515678200216,0.5083081570996979,-5.5116301849100475,-0.34151969297115436
2006-2026,roles,insider,SPY,buy,CEO,5,1324,123.43490536026378,17.391528253326218,7.097415682066711,0.6034743202416919,53.355947467140524,3.4986804923452204
2006-2026,roles,public,SPY,buy,CFO,5,700,13.360320738543384,20.61999127799692,0.6479304747718225,0.49857142857142855,-1.3490265661375251,-0.07073767936056974
2006-2026,roles,insider,SPY,buy,CFO,5,700,99.56702062773101,23.593280535295264,4.220143124173849,0.5742857142857143,25.880961989241325,1.0939354304570543
2006-2026,roles,public,SPY,buy,Other officer,5,3662,23.63779519708215,18.984700716228982,1.245097067918247,0.4710540688148553,12.014713468389289,0.7518052256872513
2006-2026,roles,insider,SPY,buy,Other officer,5,3662,78.97256753527734,19.23835778382683,4.104953677577794,0.5319497542326598,5.400501758032431,0.3333358350061243
2006-2026,roles,public,SPY,buy,Director,5,7628,8.629390832647768,8.374318385740084,1.0304588905220067,0.4908232826428946,-12.632247988094921,-1.142378982659293
2006-2026,roles,insider,SPY,buy,Director,5,7628,59.34953247739915,12.017595816844407,4.938552883781642,0.5378867330886209,-32.72067599513544,-2.2293404735153133
2006-2026,roles,public,SPY,buy,10% owner,5,1164,24.89163035620468,31.412599545064047,0.7924091198022474,0.5051546391752577,11.137387997655287,0.33392366902337367
2006-2026,roles,insider,SPY,buy,10% owner,5,1164,81.3557730648988,34.360798177691194,2.367691595642827,0.5592783505154639,6.983856402813922,0.20962538480927886
2006-2026,roles,public,SPY,buy,Other,5,84,116.48935504332603,73.41392663820369,1.5867473703920698,0.6428571428571429,102.43575019246082,1.4290503525539984
2006-2026,roles,insider,SPY,buy,Other,5,84,254.6956458384021,121.53958185258048,2.0955777694490605,0.6904761904761905,180.80846355937686,1.5172419050168713
2006-2026,mixed,public,SPY,buy,alone,5,6729,14.724237696033722,14.021246480700837,1.0501375691740744,0.5012631891811562,,
2006-2026,mixed,public,SPY,buy,other side in the 30 days before,5,3018,-6.465328668628712,11.337363082897971,-0.5702674088634809,0.4900596421471173,-21.189566364662415,-1.1750038991461424
2006-2026,mixed,public,SPY,buy,"other side the same day, this side bigger",5,356,18.353015905025302,28.79422114927632,0.6373853909740693,0.45786516853932585,,
2006-2026,mixed,public,SPY,buy,"other side the same day, other side bigger",5,721,-7.998422389363341,13.26493985895206,-0.6029746440173624,0.47156726768377255,,
2006-2026,several insiders,public,SPY,buy,1 insider,5,8516,3.3988153804244083,11.222640569357917,0.30285344696010924,0.49882573978393613,,
2006-2026,several insiders,public,SPY,buy,2 or more insiders,5,1231,41.12325081640549,16.97591648683566,2.422446578851598,0.49065800162469536,37.72443543598109,2.0133793650933476
2006-2026,horizons,public,SPY,buy,all,21,9747,23.203423073551075,29.103405657851084,0.7972751830606326,0.4939981532779317,,
2006-2026,horizons,insider,SPY,buy,all,21,14561,87.37908549963431,29.774560813307115,2.9346893157390275,0.525788064006593,,
2006-2026,roles,public,SPY,buy,CEO,21,1324,42.37105867385054,37.14635944424183,1.1406517168243955,0.5317220543806647,16.837311866638675,0.5782949071715748
2006-2026,roles,insider,SPY,buy,CEO,21,1324,121.7261274123873,40.55186076577581,3.001739627078208,0.5604229607250756,37.78252453664696,1.1812900369491877
2006-2026,roles,public,SPY,buy,CFO,21,700,-16.02328134789263,33.642294350382045,-0.47628384619108677,0.48428571428571426,-45.26374584519273,-1.7170888724328295
2006-2026,roles,insider,SPY,buy,CFO,21,700,72.43729190729017,33.1900975653839,2.1824971066924403,0.5128571428571429,-15.69637518924487,-0.5006080892156697
2006-2026,roles,public,SPY,buy,Other officer,21,3662,72.0016293519235,46.03742742367914,1.5639802956255067,0.502184598580011,60.03419309217081,1.5573210923544631
2006-2026,roles,insider,SPY,buy,Other officer,21,3662,137.47056447237495,50.332518826376756,2.731247465412629,0.5281267067176406,66.92192176549008,1.689933876157167
2006-2026,roles,public,SPY,buy,Director,21,7628,9.45810548016426,27.244625497762122,0.34715490880728567,0.49383848977451494,-36.97520766021016,-1.0134028159247725
2006-2026,roles,insider,SPY,buy,Director,21,7627,60.18892181799589,25.85531400353795,2.327913008898668,0.5189458502687819,-57.09777521896989,-1.4775641398897437
2006-2026,roles,public,SPY,buy,10% owner,21,1164,-0.9474178091206856,117.4336713251523,-0.00806768449312514,0.47852233676975947,-30.445687420097265,-0.2559451812919005
2006-2026,roles,insider,SPY,buy,10% owner,21,1164,59.8929295275245,117.40205917392699,0.5101522916118127,0.5146048109965635,-29.87429402925205,-0.2590092008489414
2006-2026,roles,public,SPY,buy,Other,21,84,172.8385264020844,72.33836165820237,2.3893066201684765,0.6785714285714286,146.61967119416383,1.9750542067044985
2006-2026,roles,insider,SPY,buy,Other,21,84,336.4509899683439,105.25640796658004,3.1964893773989553,0.7619047619047619,250.51709615036847,2.5330781204034873
2006-2026,mixed,public,SPY,buy,alone,21,6729,49.31586359826296,37.8791454110181,1.3019265103039575,0.4935354436023183,,
2006-2026,mixed,public,SPY,buy,other side in the 30 days before,21,3018,-35.01745575043377,31.52933790899604,-1.1106308623259256,0.49502982107355864,-84.33331934869675,-1.8069980902821627
2006-2026,mixed,public,SPY,buy,"other side the same day, this side bigger",21,356,59.01118316685442,63.886279147681655,0.9236910327872155,0.49719101123595505,,
2006-2026,mixed,public,SPY,buy,"other side the same day, other side bigger",21,721,0.8779231757378531,27.123803261774288,0.032367259387075506,0.5104022191400832,,
2006-2026,several insiders,public,SPY,buy,1 insider,21,8516,20.08702042913197,29.16236727878053,0.688799377537088,0.4941286989196806,,
2006-2026,several insiders,public,SPY,buy,2 or more insiders,21,1231,44.762549734699014,44.96550673410183,0.9954863846947622,0.4930950446791227,24.67552930556706,0.6651891644134985
2006-2026,horizons,public,SPY,buy,all,63,9747,54.428483926295364,87.88509639897147,0.619314151732925,0.4961526623576485,,
2006-2026,horizons,insider,SPY,buy,all,63,14560,143.47932853506555,90.72038842349556,1.5815554918623567,0.5127747252747252,,
2006-2026,roles,public,SPY,buy,CEO,63,1324,145.06174475944684,104.56701581749934,1.3872610174954492,0.5196374622356495,85.72141876293638,1.2617622686283536
2006-2026,roles,insider,SPY,buy,CEO,63,1324,256.9365931891948,114.49434518141115,2.2440985428764217,0.5362537764350453,124.80641986734058,1.7373462782666516
2006-2026,roles,public,SPY,buy,CFO,63,700,40.69062033742343,104.60906143278862,0.3889779697867491,0.4857142857142857,-27.77897650048721,-0.4174802743352024
2006-2026,roles,insider,SPY,buy,CFO,63,700,112.8019366814752,108.24934142506135,1.0420565630837164,0.5071428571428571,-32.226755078519076,-0.4677642031305018
2006-2026,roles,public,SPY,buy,Other officer,63,3662,82.76759248958413,109.63742237915571,0.7549209995411195,0.4885308574549427,20.885568461468782,0.29950455944114573
2006-2026,roles,insider,SPY,buy,Other officer,63,3661,159.408980141455,112.28754620306292,1.419649689852308,0.5083310570882272,21.280459435639088,0.3067903816437602
2006-2026,roles,public,SPY,buy,Director,63,7628,54.59632021870212,93.53683485156613,0.5836879161598869,0.49816465652857894,-26.330742800486604,-0.36226569181902574
2006-2026,roles,insider,SPY,buy,Director,63,7627,125.54154938099093,97.40236166746642,1.288896359716536,0.5159302478038548,-37.67114733640942,-0.4948656612064344
2006-2026,roles,public,SPY,buy,10% owner,63,1164,-5.654434236566991,241.9413252650378,-0.023371097229349998,0.4475945017182131,-79.11246879804514,-0.3025389995844847
2006-2026,roles,insider,SPY,buy,10% owner,63,1164,66.18314426594546,234.34636964947293,0.28241591437895913,0.47766323024054985,-84.01257412349854,-0.33495795932946537
2006-2026,roles,public,SPY,buy,Other,63,84,524.8798622840152,386.4974716800889,1.3580421626107504,0.5357142857142857,460.40140689159506,1.296110629119888
2006-2026,roles,insider,SPY,buy,Other,63,84,616.3662506997915,430.4017857984952,1.432071778132354,0.5833333333333334,475.63094685813815,1.2050161444987455
2006-2026,mixed,public,SPY,buy,alone,63,6729,111.2817209268841,105.60588925386834,1.053745408642614,0.5026006836082627,,
2006-2026,mixed,public,SPY,buy,other side in the 30 days before,63,3018,-72.33275920722409,84.74968464101772,-0.8534870603189949,0.48177601060304837,-183.6144801341082,-1.7706323508713062
2006-2026,mixed,public,SPY,buy,"other side the same day, this side bigger",63,356,74.60265783911915,121.33826214262665,0.6148320943597141,0.5028089887640449,,
2006-2026,mixed,public,SPY,buy,"other side the same day, other side bigger",63,721,50.524550979825655,49.4413897847454,1.021907984379,0.5242718446601942,,
2006-2026,several insiders,public,SPY,buy,1 insider,63,8516,29.827498158611714,79.76398491866843,0.37394694095368236,0.4949506810709253,,
2006-2026,several insiders,public,SPY,buy,2 or more insiders,63,1231,224.61694436300866,186.51883584087395,1.204258772849288,0.50446791226645,194.78944620439682,1.3574010180071487
2006-2026,horizons,public,SPY,buy,all,126,9568,63.564368260163185,163.57616399352375,0.3885918749303829,0.4804556856187291,,
2006-2026,horizons,insider,SPY,buy,all,126,14365,139.67415289670123,160.0407481791679,0.8727411892647116,0.491472328576401,,
2006-2026,roles,public,SPY,buy,CEO,126,1307,114.08182840059105,151.88050247060778,0.7511288581802552,0.4889058913542464,62.92101491357436,0.6352038928587144
2006-2026,roles,insider,SPY,buy,CEO,126,1307,245.78606060890874,167.19206631140048,1.4700820800379637,0.49808722264728383,116.73284992233596,1.1691076897281059
2006-2026,roles,public,SPY,buy,CFO,126,692,-49.70091275796191,206.37681062732088,-0.24082605311559324,0.44942196531791906,-111.99567579119376,-1.0356601021433756
2006-2026,roles,insider,SPY,buy,CFO,126,692,54.30861695085393,205.435114824566,0.2643589777591406,0.47109826589595377,-89.68594484473793,-0.8249305248990086
2006-2026,roles,public,SPY,buy,Other officer,126,3645,32.24172910937392,168.99407436215176,0.19078615171015037,0.4521262002743484,-33.04708185928649,-0.33799531404923455
2006-2026,roles,insider,SPY,buy,Other officer,126,3647,111.1388021999217,174.2394607185316,0.6378509307914846,0.46997532218261584,-38.245037577835326,-0.379069694837388
2006-2026,roles,public,SPY,buy,Director,126,7517,66.5956462124112,159.52882058764564,0.4174521316405228,0.49181854463216707,20.381519563571313,0.1898561267119432
2006-2026,roles,insider,SPY,buy,Director,126,7531,140.39733980457083,163.8266501201582,0.8569871855500726,0.5059089098393308,1.5201316844523516,0.014349016307498299
2006-2026,roles,public,SPY,buy,10% owner,126,1103,-34.81680945342692,351.25908279124883,-0.09912002609799657,0.4442429737080689,-99.34753268035243,-0.28494630576714763
2006-2026,roles,insider,SPY,buy,10% owner,126,1105,44.901591798576824,355.3914678955814,0.12634403426862653,0.4515837104072398,-102.67027452296799,-0.2999623989621808
2006-2026,roles,public,SPY,buy,Other,126,83,1467.6193390840378,870.8629074814075,1.6852472719598184,0.7108433734939759,1418.9352706287439,1.8579826408678923
2006-2026,roles,insider,SPY,buy,Other,126,83,1630.4027179097902,978.6387996931647,1.6659902697716202,0.7228915662650602,1499.3919504560297,1.7324744219033752
2006-2026,mixed,public,SPY,buy,alone,126,6587,107.05638053367676,197.36029009269123,0.5424413415859757,0.48352816153028694,,
2006-2026,mixed,public,SPY,buy,other side in the 30 days before,126,2981,-32.53824322780522,124.25909438344108,-0.26185804257834105,0.47366655484736664,-139.59462376148178,-0.9015762659980303
2006-2026,mixed,public,SPY,buy,"other side the same day, this side bigger",126,351,-51.70444225297029,192.657207551246,-0.2683753331118802,0.46153846153846156,,
2006-2026,mixed,public,SPY,buy,"other side the same day, other side bigger",126,719,111.54396548383626,77.14584539773486,1.4458842846138724,0.5271210013908206,,
2006-2026,several insiders,public,SPY,buy,1 insider,126,8353,36.85134873802816,149.89543688615092,0.24584703513034634,0.4791093020471687,,
2006-2026,several insiders,public,SPY,buy,2 or more insiders,126,1215,247.2136292218042,307.2477174582322,0.8046068861533882,0.4897119341563786,210.36228048377632,0.992856087294065
2006-2026,horizons,public,SPY,buy,all,252,9200,151.95871615829049,308.21444996384616,0.49302917555006054,0.46793478260869564,,
2006-2026,horizons,insider,SPY,buy,all,252,13923,186.55861289453543,293.8008475733904,0.634983235873524,0.4733893557422969,,
2006-2026,roles,public,SPY,buy,CEO,252,1271,42.00742304508765,322.6038804138481,0.13021363224521348,0.47128245476003144,-68.60272598493124,-0.49877454457733694
2006-2026,roles,insider,SPY,buy,CEO,252,1271,156.8627190689043,343.57129716838057,0.45656526130594555,0.47915027537372146,-32.679096564516605,-0.23170948335107375
2006-2026,roles,public,SPY,buy,CFO,252,680,88.02878038654906,400.0661392346412,0.22003556850613554,0.4514705882352941,-17.14686270131887,-0.09356445559238781
2006-2026,roles,insider,SPY,buy,CFO,252,680,196.78311807015842,409.79607362326874,0.48019766595192886,0.46911764705882353,10.749511859865288,0.05843796435497448
2006-2026,roles,public,SPY,buy,Other officer,252,3598,-156.90490257702325,317.0465951095443,-0.494895403380094,0.4360755975541968,-352.4898201688602,-1.9138604437299116
2006-2026,roles,insider,SPY,buy,Other officer,252,3605,-68.70771544635807,332.9868730012468,-0.2063376097294406,0.4360610263522885,-344.4536818656968,-1.9024379722410225
2006-2026,roles,public,SPY,buy,Director,252,7310,305.95764409356826,287.28217601836906,1.0650074025964114,0.48727770177838575,425.3041278820951,2.6481883379768423
2006-2026,roles,insider,SPY,buy,Director,252,7325,374.07369778395304,290.97789278797745,1.2855742895097662,0.4962457337883959,395.69150150278296,2.552259187325509
2006-2026,roles,public,SPY,buy,10% owner,252,957,-468.6940159638024,380.06942043424147,-1.233180021240079,0.406478578892372,-615.4036875693296,-1.657697983415762
2006-2026,roles,insider,SPY,buy,10% owner,252,959,-373.89337827545,407.9962897969393,-0.9164136724418194,0.4129301355578728,-601.9109127630146,-1.5879291804006248
2006-2026,roles,public,SPY,buy,Other,252,83,1366.9762134183825,867.6368119189558,1.5755166155237648,0.7108433734939759,1270.224811353556,1.8295302947216747
2006-2026,roles,insider,SPY,buy,Other,252,83,1571.5151661343682,960.4446535393348,1.6362370911672812,0.7228915662650602,1393.2622897946644,1.8173410930230711
2006-2026,mixed,public,SPY,buy,alone,252,6310,229.13742124752798,376.05546380696666,0.6093181546356862,0.4763866877971474,,
2006-2026,mixed,public,SPY,buy,other side in the 30 days before,252,2890,-16.552574192259378,198.6546936409439,-0.08332334811165919,0.4494809688581315,-245.6899954397871,-0.9239810062323445
2006-2026,mixed,public,SPY,buy,"other side the same day, this side bigger",252,345,-9.397420511966109,189.8038194739126,-0.049511229742443236,0.4666666666666667,,
2006-2026,mixed,public,SPY,buy,"other side the same day, other side bigger",252,701,-3.5323406887125026,121.57722990017957,-0.029054294884105474,0.4992867332382311,,
2006-2026,several insiders,public,SPY,buy,1 insider,252,8008,99.42016943053231,284.7548272724809,0.34914305187668515,0.46316183816183815,,
2006-2026,several insiders,public,SPY,buy,2 or more insiders,252,1192,504.91902001390054,503.4818865990175,1.0028543895086093,0.5,405.49885058336844,1.4218736746748133
2006-2026,horizons,public,SPY,buy,all,504,8663,211.17792008202872,559.5613273096861,0.3773990620426731,0.46277271153180194,,
2006-2026,horizons,insider,SPY,buy,all,504,13227,176.1503229527929,507.2926913032759,0.3472360748983954,0.4648824374385726,,
2006-2026,roles,public,SPY,buy,CEO,504,1215,-62.37125411674297,680.4864641843053,-0.09165686225883564,0.43621399176954734,-143.10047495474615,-0.33469245096093575
2006-2026,roles,insider,SPY,buy,CEO,504,1215,76.42048457541469,717.105869564717,0.10656792507053651,0.4403292181069959,-109.8173969545104,-0.24964048549325699
2006-2026,roles,public,SPY,buy,CFO,504,663,129.1249377186782,590.4558902813974,0.2186868483217947,0.4796380090497738,64.79589504295377,0.19623094308541916
2006-2026,roles,insider,SPY,buy,CFO,504,663,248.3457421198564,595.4404004938372,0.41707909290986506,0.46907993966817496,76.00515833514481,0.23045999498323988
2006-2026,roles,public,SPY,buy,Other officer,504,3545,-388.0815170943242,569.9064000915614,-0.6809565869623062,0.4307475317348378,-622.6002159087719,-2.2948728797279276
2006-2026,roles,insider,SPY,buy,Other officer,504,3547,-305.883271874254,591.8782747114658,-0.5168009790921431,0.4327600789399493,-658.6630535927017,-2.5068266853520673
2006-2026,roles,public,SPY,buy,Director,504,6895,365.6635118241804,444.1375049432416,0.8233114919464192,0.4845540246555475,622.9818745175895,2.387794016300219
2006-2026,roles,insider,SPY,buy,Director,504,6899,468.2714369954284,451.38483837702995,1.0374106464876287,0.49311494419481083,610.6014499750224,2.241514841394554
2006-2026,roles,public,SPY,buy,10% owner,504,823,-539.0712696422255,885.5988692878715,-0.6087081728951438,0.36330498177399756,-646.9200844950068,-0.9132586477698068
2006-2026,roles,insider,SPY,buy,10% owner,504,823,-364.2946678547808,938.8047967019296,-0.3880409102452044,0.37424058323207776,-576.3032806684769,-0.7933865068603568
2006-2026,roles,public,SPY,buy,Other,504,80,2272.2488832598324,1822.3790217860087,1.2468585602093534,0.7125,2218.0921188607404,1.4756699319689148
2006-2026,roles,insider,SPY,buy,Other,504,80,2832.675488287517,2062.6180155391953,1.373339836531496,0.725,2672.690223007713,1.5529147180139085
2006-2026,mixed,public,SPY,buy,alone,504,5912,398.3436724381271,682.9198280033911,0.5832949287806432,0.47445872801082545,,
2006-2026,mixed,public,SPY,buy,other side in the 30 days before,504,2751,-191.04815332009946,304.2549173794694,-0.6279213330899842,0.43765903307888043,-589.3918257582267,-1.381594679203066
2006-2026,mixed,public,SPY,buy,"other side the same day, this side bigger",504,324,6.473118279333688,371.70328973999676,0.01741474573405465,0.4722222222222222,,
2006-2026,mixed,public,SPY,buy,"other side the same day, other side bigger",504,683,-137.36683361279213,248.81223007071262,-0.552090359761465,0.4743777452415813,,
2006-2026,several insiders,public,SPY,buy,1 insider,504,7509,171.51578884326514,540.7794155346132,0.3171640486236057,0.45984818218138235,,
2006-2026,several insiders,public,SPY,buy,2 or more insiders,504,1154,469.2567272500315,719.1732198858659,0.6524947179269319,0.48180242634315423,297.74093840676636,0.9737361652931167
2006-2026,horizons,public,equal-weighted,buy,all,1,9747,6.987556544688727,2.3949568801874253,2.9176126729020244,0.4972812147327383,,
2006-2026,horizons,insider,equal-weighted,buy,all,1,14562,29.466856766528466,4.649600454777573,6.3375029861438055,0.5372888339513803,,
2006-2026,roles,public,equal-weighted,buy,CEO,1,1324,7.265359377601303,6.941740081108272,1.0466193335837726,0.5151057401812689,3.369774905389502,0.5003384481380422
2006-2026,roles,insider,equal-weighted,buy,CEO,1,1324,50.18596051937687,7.782495131510118,6.448569471785685,0.5611782477341389,22.791327152816024,3.4455906000023475
2006-2026,roles,public,equal-weighted,buy,CFO,1,700,-0.23155619140986586,8.189698673147436,-0.028274079505403216,0.49142857142857144,-4.657409054854604,-0.5895951202715467
2006-2026,roles,insider,equal-weighted,buy,CFO,1,700,33.36000891710591,11.746274962714097,2.840050060380822,0.5314285714285715,4.089747627810465,0.35751402074720906
2006-2026,roles,public,equal-weighted,buy,Other officer,1,3662,3.6716160605447863,5.926287762692729,0.6195473806821208,0.4830693610049153,-0.7085330261863287,-0.12727393069767406
2006-2026,roles,insider,equal-weighted,buy,Other officer,1,3662,26.6977333156232,9.278142217488682,2.8774869677358197,0.5073730202075368,-3.6994473112002337,-0.45562666270048935
2006-2026,roles,public,equal-weighted,buy,Director,1,7628,3.6749571677544575,3.443001693811509,1.067370130650783,0.49029889879391714,-1.1067719616734504,-0.23006905639352387
2006-2026,roles,insider,equal-weighted,buy,Director,1,7628,23.082096646646846,4.163890990640912,5.543395996323627,0.5389355007865758,-13.408548725946948,-1.608424493468837
2006-2026,roles,public,equal-weighted,buy,10% owner,1,1164,7.19143932024782,7.03651080299176,1.0220178042205503,0.5300687285223368,3.2491906495271494,0.41671299332357314
2006-2026,roles,insider,equal-weighted,buy,10% owner,1,1164,51.21436166659473,12.757086540054045,4.014581347064984,0.5910652920962199,23.636898518791252,2.0856543162474073
2006-2026,roles,public,equal-weighted,buy,Other,1,84,22.416308559670888,17.373599871584688,1.290251227457689,0.5,18.320016727921175,1.0530639217698314
2006-2026,roles,insider,equal-weighted,buy,Other,1,84,69.61072216914036,34.63101545927779,2.010068756170168,0.6190476190476191,40.37677634982966,1.2482715883444828
2006-2026,mixed,public,equal-weighted,buy,alone,1,6729,7.9758178503475285,3.964081702194909,2.0120215599823092,0.4990340318026453,,
2006-2026,mixed,public,equal-weighted,buy,other side in the 30 days before,1,3018,4.784107132568757,4.003433068886814,1.1950011528228237,0.4933730947647449,-3.191710717778765,-0.463753099973303
2006-2026,mixed,public,equal-weighted,buy,"other side the same day, this side bigger",1,356,-14.776559863422635,13.51437330146482,-1.0933958633376664,0.4410112359550562,,
2006-2026,mixed,public,equal-weighted,buy,"other side the same day, other side bigger",1,721,-6.1042764893399255,6.060060757412074,-1.0072962522485887,0.4826629680998613,,
2006-2026,several insiders,public,equal-weighted,buy,1 insider,1,8516,5.68132342522969,2.3112965351574988,2.458067729004122,0.4960075152653828,,
2006-2026,several insiders,public,equal-weighted,buy,2 or more insiders,1,1231,16.024015720410276,8.76144997402941,1.8289228116246146,0.5060926076360682,10.342692295180592,1.1666742596628685
2006-2026,horizons,public,equal-weighted,buy,all,5,9747,8.430118134706975,7.591036057487662,1.1105359098369263,0.49964091515338055,,
2006-2026,horizons,insider,equal-weighted,buy,all,5,14562,73.43919789812752,10.21064980849685,7.192411773540081,0.5517099299546766,,
2006-2026,roles,public,equal-weighted,buy,CEO,5,1324,12.754954918323364,15.915933674403313,0.8013953299413674,0.513595166163142,-1.2971590441866996,-0.08457188464243037
2006-2026,roles,insider,equal-weighted,buy,CEO,5,1324,123.12178447939974,16.422073840256186,7.4973347262381465,0.6163141993957704,54.651595845028375,3.6441850322970892
2006-2026,roles,public,equal-weighted,buy,CFO,5,700,19.14796691674123,17.951239291064695,1.066665460042762,0.5014285714285714,5.477077571347385,0.32017514942416797
2006-2026,roles,insider,equal-weighted,buy,CFO,5,700,98.6514350195362,22.53920095088305,4.376882536098566,0.5728571428571428,26.485398713169314,1.229840432425001
2006-2026,roles,public,equal-weighted,buy,Other officer,5,3662,22.617631150039117,16.448596466859772,1.3750493056114887,0.4789732386673949,11.6007798036056,0.7856217724364021
2006-2026,roles,insider,equal-weighted,buy,Other officer,5,3662,76.12552893573894,18.03093146528641,4.221941006336675,0.5379574003276898,3.588839685293395,0.23426371898148218
2006-2026,roles,public,equal-weighted,buy,Director,5,7628,6.165440178933862,6.193983890388979,0.9953917039565753,0.4920031463030939,-16.31501370953759,-1.5169306883153781
2006-2026,roles,insider,equal-weighted,buy,Director,5,7628,57.15409911662168,9.632065895882377,5.93373215408073,0.5419507079181961,-34.20011659306141,-2.436141697344511
2006-2026,roles,public,equal-weighted,buy,10% owner,5,1164,28.485810728882342,29.25650637654961,0.9736572905271761,0.5137457044673539,15.815862881505941,0.5159914896586347
2006-2026,roles,insider,equal-weighted,buy,10% owner,5,1164,87.88518103929994,31.713846278515206,2.77119275497146,0.5644329896907216,15.701030489756146,0.503521231729122
2006-2026,roles,public,equal-weighted,buy,Other,5,84,114.34620415737683,74.51186019460597,1.5346040732137638,0.5833333333333334,100.99461113359244,1.3956162949206854
2006-2026,roles,insider,equal-weighted,buy,Other,5,84,241.79579612048394,110.24036196467405,2.193350890828589,0.6666666666666666,169.33338743707384,1.575952936269268
2006-2026,mixed,public,equal-weighted,buy,alone,5,6729,12.525573854218036,12.171603711493239,1.0290816355112316,0.4969534849160351,,
2006-2026,mixed,public,equal-weighted,buy,other side in the 30 days before,5,3018,-0.7012011285766713,8.840947562358508,-0.07931289306161331,0.5056328694499669,-13.226774982794721,-0.7328816423839892
2006-2026,mixed,public,equal-weighted,buy,"other side the same day, this side bigger",5,356,23.48627080696918,28.729803396066984,0.8174880448428121,0.46629213483146065,,
2006-2026,mixed,public,equal-weighted,buy,"other side the same day, other side bigger",5,721,-11.53272412029675,13.291566736983777,-0.8676722878881503,0.492371705963939,,
2006-2026,several insiders,public,equal-weighted,buy,1 insider,5,8516,4.048463200124723,8.383050722352051,0.48293435578650973,0.5003522780648192,,
2006-2026,several insiders,public,equal-weighted,buy,2 or more insiders,5,1231,38.74220052536695,14.844544935379982,2.6098611101934224,0.49471974004874086,34.6937373252422,2.0424946148680565
2006-2026,horizons,public,equal-weighted,buy,all,21,9747,8.165314870858953,18.30836654100305,0.44598816899214233,0.48876577408433364,,
2006-2026,horizons,insider,equal-weighted,buy,all,21,14561,76.08791857856356,19.79710039524138,3.8433870142343056,0.5219421743012156,,
2006-2026,roles,public,equal-weighted,buy,CEO,21,1324,33.2438919409191,28.320187079520082,1.1738584864419779,0.527190332326284,21.479759484721217,0.7702122320488604
2006-2026,roles,insider,equal-weighted,buy,CEO,21,1324,113.77355541190504,32.83351809804764,3.4651649290872153,0.5581570996978852,41.455054614360094,1.3453344179984645
2006-2026,roles,public,equal-weighted,buy,CFO,21,700,-22.087695891548968,26.672330007776196,-0.8281127252515773,0.4828571428571429,-37.612864374380365,-1.5222505798854413
2006-2026,roles,insider,equal-weighted,buy,CFO,21,700,67.36555179521802,28.621116611478115,2.3537010351371817,0.5057142857142857,-9.16285857674728,-0.3166624456182261
2006-2026,roles,public,equal-weighted,buy,Other officer,21,3662,54.1724189531364,34.56436886675585,1.5672908468824855,0.5040961223375204,54.04681343216956,1.556482280902303
2006-2026,roles,insider,equal-weighted,buy,Other officer,21,3662,123.66868946039243,38.72388541201814,3.1936022985444343,0.5297651556526488,63.56763049915691,1.8108907552083515
2006-2026,roles,public,equal-weighted,buy,Director,21,7628,-4.526774230307646,19.075610106485197,-0.23730691731682357,0.4884635553224961,-38.31372724641826,-1.1199705988991175
2006-2026,roles,insider,equal-weighted,buy,Director,21,7627,47.09238831456727,17.758139272953645,2.6518762799822646,0.5116035138324374,-60.88894089617112,-1.6967614913672104
2006-2026,roles,public,equal-weighted,buy,10% owner,21,1164,-4.229628921655317,109.07652024814244,-0.0387767130087499,0.4802405498281787,-19.50592287968865,-0.1744031622574201
2006-2026,roles,insider,equal-weighted,buy,10% owner,21,1164,62.516865788706724,107.63305231606132,0.580833344808691,0.5171821305841925,-14.750175388005209,-0.1370396963154718
2006-2026,roles,public,equal-weighted,buy,Other,21,84,146.060669838567,69.1667912285357,2.111716724807492,0.6190476190476191,133.1114087445983,1.8798577633105302
2006-2026,roles,insider,equal-weighted,buy,Other,21,84,301.2629826575313,78.57997040395387,3.83383935001295,0.75,226.48159895377833,2.920866286754448
2006-2026,mixed,public,equal-weighted,buy,alone,21,6729,26.241620155041655,26.2540715068118,0.9995257363503822,0.4859563085153812,,
2006-2026,mixed,public,equal-weighted,buy,other side in the 30 days before,21,3018,-32.138017885027566,27.35699366585066,-1.1747642404561793,0.49502982107355864,-58.379638040069196,-1.3889870583907677
2006-2026,mixed,public,equal-weighted,buy,"other side the same day, this side bigger",21,356,68.09082258519275,59.0472236003646,1.1531587504610854,0.5112359550561798,,
2006-2026,mixed,public,equal-weighted,buy,"other side the same day, other side bigger",21,721,-5.629728400456999,24.028776878367168,-0.23429109309035948,0.507628294036061,,
2006-2026,several insiders,public,equal-weighted,buy,1 insider,21,8516,5.885354927406915,19.17855315029938,0.306871685329143,0.48767026773132927,,
2006-2026,several insiders,public,equal-weighted,buy,2 or more insiders,21,1231,23.937970336689645,34.12208289466238,0.7015389538378443,0.49634443541835904,18.052615409282726,0.5192258048950553
2006-2026,horizons,public,equal-weighted,buy,all,63,9747,7.42922731711752,49.67571104569773,0.1495545239459827,0.4876372217092439,,
2006-2026,horizons,insider,equal-weighted,buy,all,63,14560,98.51723635024712,52.55419170508776,1.8745837991969283,0.5088598901098901,,
2006-2026,roles,public,equal-weighted,buy,CEO,63,1324,121.99993256016315,68.0164022301946,1.7936840020921245,0.5090634441087614,107.22923486435103,1.5494788258932521
2006-2026,roles,insider,equal-weighted,buy,CEO,63,1324,226.82405449903163,73.26258000324373,3.096042406491676,0.5188821752265861,141.14137747403333,1.9789771484088463
2006-2026,roles,public,equal-weighted,buy,CFO,63,700,13.912161492434215,74.75552617717845,0.18610211450402916,0.47714285714285715,-11.143666942287537,-0.18072733472384284
2006-2026,roles,insider,equal-weighted,buy,CFO,63,700,83.86902935833952,80.73577699226823,1.038808722511847,0.5028571428571429,-15.388015425842513,-0.24368488940422559
2006-2026,roles,public,equal-weighted,buy,Other officer,63,3662,28.956961480875453,74.76198737460543,0.3873219867174281,0.482796286182414,5.92741892455882,0.09256962547757418
2006-2026,roles,insider,equal-weighted,buy,Other officer,63,3661,103.71797157001669,76.93057133953809,1.3482022785486756,0.5105162523900574,6.94767453893437,0.10764740639128553
2006-2026,roles,public,equal-weighted,buy,Director,63,7628,15.064820481419643,60.63334106942493,0.2484577002637952,0.49265862611431566,-19.857007637205808,-0.27663206872272605
2006-2026,roles,insider,equal-weighted,buy,Director,63,7627,82.74069563291661,63.91649796419419,1.2945123445165547,0.5119968532843844,-33.13232840679812,-0.44127526901771763
2006-2026,roles,public,equal-weighted,buy,10% owner,63,1164,-67.87257743839247,240.19108234831305,-0.28257742450224305,0.44072164948453607,-100.41968050938125,-0.38738411799225403
2006-2026,roles,insider,equal-weighted,buy,10% owner,63,1164,12.011503545311534,229.04989305720193,0.052440555134037246,0.4699312714776632,-94.0223551537669,-0.3817049880459098
2006-2026,roles,public,equal-weighted,buy,Other,63,84,521.9621382798995,358.4432610668073,1.4561918020900253,0.5476190476190477,500.3281013140684,1.4413287520800697
2006-2026,roles,insider,equal-weighted,buy,Other,63,84,602.755034704921,387.82813910404013,1.5541807670206822,0.5833333333333334,507.16374302597876,1.3629029156006758
2006-2026,mixed,public,equal-weighted,buy,alone,63,6729,48.37234370323158,63.90544581072527,0.7569361748371253,0.4907118442562045,,
2006-2026,mixed,public,equal-weighted,buy,other side in the 30 days before,63,3018,-83.85845663323404,67.84460938410356,-1.2360371353672004,0.4807819748177601,-132.23080033646562,-1.439966099015501
2006-2026,mixed,public,equal-weighted,buy,"other side the same day, this side bigger",63,356,83.51698129253285,109.33213803436301,0.7638831801339467,0.4943820224719101,,
2006-2026,mixed,public,equal-weighted,buy,"other side the same day, other side bigger",63,721,35.39606716017056,46.38426620368772,0.7631050366246053,0.5006934812760055,,
2006-2026,several insiders,public,equal-weighted,buy,1 insider,63,8516,-13.296866887633698,47.72760327965393,-0.27859909096466395,0.48673085955847817,,
2006-2026,several insiders,public,equal-weighted,buy,2 or more insiders,63,1231,150.81137049149743,135.53737450147577,1.112692134152675,0.4939073923639318,164.10823737913125,1.2663440790073373
2006-2026,horizons,public,equal-weighted,buy,all,126,9568,-28.52277890619371,75.24048553693724,-0.3790881824146555,0.46770484949832775,,
2006-2026,horizons,insider,equal-weighted,buy,all,126,14365,61.06538468191529,78.55776782837472,0.7773309549136495,0.4774103724329969,,
2006-2026,roles,public,equal-weighted,buy,CEO,126,1307,69.30915545224754,103.29227201719279,0.6710003962417553,0.4797245600612089,103.6471560967028,0.8982789018430357
2006-2026,roles,insider,equal-weighted,buy,CEO,126,1307,198.35860535468922,106.47249545175065,1.8630032527468838,0.48508033664881406,151.0351596695049,1.3409178776357673
2006-2026,roles,public,equal-weighted,buy,CFO,126,692,-112.12534766346066,132.06363198610777,-0.8490251704970185,0.44508670520231214,-91.6500842695025,-0.8840862417606081
2006-2026,roles,insider,equal-weighted,buy,CFO,126,692,-6.093151973058723,135.7375791432918,-0.0448892046809415,0.4595375722543353,-70.55747670947866,-0.6848636350926584
2006-2026,roles,public,equal-weighted,buy,Other officer,126,3645,-81.20100363469174,97.51402320556517,-0.8327110395549506,0.45020576131687245,-75.48218435052446,-0.8325158212057187
2006-2026,roles,insider,equal-weighted,buy,Other officer,126,3647,4.036929924310799,102.336545231117,0.03944758849532971,0.4469426926240746,-76.43345331153093,-0.8070434282760531
2006-2026,roles,public,equal-weighted,buy,Director,126,7517,-1.8444336804521309,85.17710376008182,-0.02165410185403044,0.47971265132366636,48.421430778061854,0.47868529748549954
2006-2026,roles,insider,equal-weighted,buy,Director,126,7531,73.23142580943488,88.409484651024,0.8283209216578854,0.49435665914221216,25.57289739491049,0.25831295420291017
2006-2026,roles,public,equal-weighted,buy,10% owner,126,1103,-148.44924611371954,339.748625098215,-0.43693847494101157,0.43064369900271987,-133.8433155969439,-0.3823635118325962
2006-2026,roles,insider,equal-weighted,buy,10% owner,126,1105,-54.074106459724696,334.6937332073762,-0.16156294873385152,0.4479638009049774,-124.73444873677647,-0.365668061801001
2006-2026,roles,public,equal-weighted,buy,Other,126,83,1245.8433357501267,681.3295932441669,1.8285472231112323,0.7108433734939759,1278.1333987825763,1.9741418773705464
2006-2026,roles,insider,equal-weighted,buy,Other,126,83,1393.8476066948388,772.4325042221373,1.804491135569813,0.6987951807228916,1340.5277005472376,1.8330419709674863
2006-2026,mixed,public,equal-weighted,buy,alone,126,6587,-12.86015128578658,93.1601578674754,-0.13804346815385107,0.46789130104751786,,
2006-2026,mixed,public,equal-weighted,buy,other side in the 30 days before,126,2981,-63.131879253601134,92.66055268241067,-0.6813242250991363,0.46729285474672927,-50.27172796781468,-0.4234130605444539
2006-2026,mixed,public,equal-weighted,buy,"other side the same day, this side bigger",126,351,-30.52873938708654,163.03846874480857,-0.18724868812936904,0.4928774928774929,,
2006-2026,mixed,public,equal-weighted,buy,"other side the same day, other side bigger",126,719,85.5349302691986,82.47138937465832,1.0371467113355268,0.5132127955493742,,
2006-2026,several insiders,public,equal-weighted,buy,1 insider,126,8353,-48.06496886264113,70.57289667249108,-0.6810683864330679,0.4678558601699988,,
2006-2026,several insiders,public,equal-weighted,buy,2 or more insiders,126,1215,105.82776653101214,200.44721486293798,0.5279582787088121,0.4666666666666667,153.89273539365323,0.8310688392595826
2006-2026,horizons,public,equal-weighted,buy,all,252,9200,-42.4142148566033,128.72120592538485,-0.3295044864727987,0.4494565217391304,,
2006-2026,horizons,insider,equal-weighted,buy,all,252,13923,10.149744047573853,130.45021660787035,0.07780549784814612,0.4618975795446384,,
2006-2026,roles,public,equal-weighted,buy,CEO,252,1271,-31.193021593485767,177.8767398163,-0.17536312856700642,0.4626278520849725,47.59641955034913,0.3713268699492171
2006-2026,roles,insider,equal-weighted,buy,CEO,252,1271,77.87229091663436,188.37541257355608,0.4133888274098781,0.46498819826907944,74.52584730144845,0.5761391104650408
2006-2026,roles,public,equal-weighted,buy,CFO,252,680,-44.76451813772466,236.74022473418432,-0.18908708136940802,0.4632352941176471,31.19883165242695,0.18023710203807852
2006-2026,roles,insider,equal-weighted,buy,CFO,252,680,67.92922264614516,253.8086948815698,0.2676394623826491,0.46176470588235297,60.74633244188689,0.3439033371199166
2006-2026,roles,public,equal-weighted,buy,Other officer,252,3598,-388.28583043217645,180.4382798863613,-2.1519038569682443,0.43107281823235133,-423.4720283435737,-2.545583333709711
2006-2026,roles,insider,equal-weighted,buy,Other officer,252,3605,-291.0266805431903,189.0018824935346,-1.5398083696502112,0.43106796116504853,-406.4042798582292,-2.463360967691763
2006-2026,roles,public,equal-weighted,buy,Director,252,7310,142.87175914463185,145.1368407985649,0.9843934755540342,0.473734610123119,458.3964142602678,2.9976810061938752
2006-2026,roles,insider,equal-weighted,buy,Director,252,7325,209.6140311453464,144.26230874394585,1.453006214654409,0.48341296928327643,420.9065276238686,2.890308843534717
2006-2026,roles,public,equal-weighted,buy,10% owner,252,957,-722.9768461089479,306.2297253762342,-2.360897020107038,0.3667711598746082,-696.4963522530221,-1.8859964439201093
2006-2026,roles,insider,equal-weighted,buy,10% owner,252,959,-610.3420316882367,311.50924327541037,-1.9593063283474497,0.38686131386861317,-666.3920852799816,-1.8143853686607878
2006-2026,roles,public,equal-weighted,buy,Other,252,83,964.2832511238737,575.3348979993262,1.6760381726835611,0.6626506024096386,1044.9603575984656,1.8863736047091906
2006-2026,roles,insider,equal-weighted,buy,Other,252,83,1146.912612379606,640.4469868946658,1.7908002314768303,0.7228915662650602,1143.5801601002076,1.9055500536510983
2006-2026,mixed,public,equal-weighted,buy,alone,252,6310,6.805106461390434,177.54791316598278,0.038328281870756764,0.45419968304278924,,
2006-2026,mixed,public,equal-weighted,buy,other side in the 30 days before,252,2890,-149.879238218728,145.9709087037111,-1.0267747152478852,0.43910034602076126,-156.6843446801186,-0.6687556593779529
2006-2026,mixed,public,equal-weighted,buy,"other side the same day, this side bigger",252,345,-43.78306226993928,173.73680354727057,-0.25200798780683636,0.48405797101449277,,
2006-2026,mixed,public,equal-weighted,buy,"other side the same day, other side bigger",252,701,-98.91552550904625,132.809720931242,-0.7447913060539945,0.48787446504992865,,
2006-2026,several insiders,public,equal-weighted,buy,1 insider,252,8008,-83.4195849962595,113.8455120311468,-0.7327437288299681,0.44493006993006995,,
2006-2026,several insiders,public,equal-weighted,buy,2 or more insiders,252,1192,233.06481541048325,300.18638349327847,0.7764003573323367,0.4798657718120805,316.4844004067424,1.327318496519053
2006-2026,horizons,public,equal-weighted,buy,all,504,8663,-181.6845724674937,214.02096120293655,-0.8489101789203666,0.42629574050559854,,
2006-2026,horizons,insider,equal-weighted,buy,all,504,13227,-194.03721667539338,213.19771049320406,-0.9101280507492999,0.434792469947834,,
2006-2026,roles,public,equal-weighted,buy,CEO,504,1215,-243.55787137242606,373.160363534964,-0.652689554338494,0.3950617283950617,64.4404975396467,0.20051582263804912
2006-2026,roles,insider,equal-weighted,buy,CEO,504,1215,-115.9112697619131,391.23171810674376,-0.29627268035125887,0.4065843621399177,86.02829668869529,0.25878815476777756
2006-2026,roles,public,equal-weighted,buy,CFO,504,663,-175.89691478520115,344.7965030140942,-0.5101470381734441,0.444947209653092,132.84106708876433,0.4145072929922892
2006-2026,roles,insider,equal-weighted,buy,CFO,504,663,-55.15345767454899,352.85050274301113,-0.15630828706716757,0.4419306184012066,146.2126297599627,0.45709025817567156
2006-2026,roles,public,equal-weighted,buy,Other officer,504,3545,-869.466347451691,333.742558838801,-2.60520069863684,0.3991537376586742,-775.2649182289123,-3.065768621259686
2006-2026,roles,insider,equal-weighted,buy,Other officer,504,3547,-779.5962967098485,339.9428980007533,-2.293315440018756,0.3986467437270933,-800.1229288859238,-3.217922587521825
2006-2026,roles,public,equal-weighted,buy,Director,504,6895,38.85888586855183,201.1800998704253,0.19315472004228945,0.4504713560551124,712.5362884830811,3.1551176747498038
2006-2026,roles,insider,equal-weighted,buy,Director,504,6899,135.83783436499826,203.26071614897037,0.6682935932659133,0.46224090447891,689.5160082350291,2.9438413758244093
2006-2026,roles,public,equal-weighted,buy,10% owner,504,823,-1091.0602044290315,555.3370835322796,-1.9646809780633212,0.36938031591737547,-841.357939335406,-1.3356628577197383
2006-2026,roles,insider,equal-weighted,buy,10% owner,504,823,-891.86299938552,572.0916197388606,-1.5589513438295488,0.3718104495747266,-744.1262195990679,-1.177647216833053
2006-2026,roles,public,equal-weighted,buy,Other,504,80,1638.249615523858,1253.7134445504805,1.30671775328313,0.6875,1952.1382998034242,1.5755518333932406
2006-2026,roles,insider,equal-weighted,buy,Other,504,80,2161.9345484189416,1457.3036502171449,1.483516869045654,0.6875,2370.30794378206,1.664324419874488
2006-2026,mixed,public,equal-weighted,buy,alone,504,5912,-52.71193747996607,295.4619612949362,-0.17840515661962975,0.43251014884979705,,
2006-2026,mixed,public,equal-weighted,buy,other side in the 30 days before,504,2751,-458.8515001469791,173.38389745470775,-2.646448181653332,0.4129407488186114,-406.1395626670135,-1.2303792063801324
2006-2026,mixed,public,equal-weighted,buy,"other side the same day, this side bigger",504,324,-119.3540703507505,325.6026682934725,-0.3665635511413383,0.46296296296296297,,
2006-2026,mixed,public,equal-weighted,buy,"other side the same day, other side bigger",504,683,-349.2509462132447,286.13056184143113,-1.2205999385930464,0.43923865300146414,,
2006-2026,several insiders,public,equal-weighted,buy,1 insider,504,7509,-195.1364813926981,207.0784958228753,-0.9423309775226887,0.4241576774537222,,
2006-2026,several insiders,public,equal-weighted,buy,2 or more insiders,504,1154,-94.15391031900145,349.3759182335146,-0.2694917005014387,0.44020797227036396,100.98257107369682,0.39316161272697103
2006-2026,timing,insider,SPY,buy,20 days before the trade,0,14536,-341.7914487495143,39.95543707170044,-8.554316353395562,0.370253164556962,,
2006-2026,timing,insider,SPY,buy,from trade to public,0,14562,72.85908397805815,8.567289194606401,8.504333438858014,0.5725175113308612,,
2006-2026,timing,insider,SPY,buy,from trade to the close on the filing day,0,14562,33.900103089296366,6.552995406729834,5.173222470823258,0.43256420821315755,,
2006-2026,timing,insider,SPY,buy,the day after the filing,0,14562,38.39936393588149,3.24921508115688,11.818043120189333,0.5750583711028705,,
2006-2026,horizons,public,SPY,sell,all,1,111350,0.016664785796905297,0.5703671391583173,0.029217647113221293,0.49696452626852267,,
2006-2026,horizons,insider,SPY,sell,all,1,153449,-2.281906757949486,0.7175795281396353,-3.180005377056193,0.4869435447608,,
2006-2026,roles,public,SPY,sell,CEO,1,17851,0.8735548006177893,1.2872770434035425,0.6786066799638738,0.4958265643381323,1.0941276285888706,0.8700574166329607
2006-2026,roles,insider,SPY,sell,CEO,1,17851,-0.27059468272044906,1.4053241542030237,-0.19254965618512873,0.4920732732059829,2.2760942390877505,1.7452719745470282
2006-2026,roles,public,SPY,sell,CFO,1,10147,-0.9195905947262775,1.8820997550084566,-0.4885982224263908,0.49738839065733714,-0.8848112460099394,-0.5037189641010719
2006-2026,roles,insider,SPY,sell,CFO,1,10148,-4.672432879443726,1.689945982266058,-2.7648415561652655,0.47960189199842335,-2.559813558992401,-1.6209205403385376
2006-2026,roles,public,SPY,sell,Other officer,1,91046,-0.15991513512887526,0.7039756931403739,-0.2271600236870507,0.492849768249017,-0.16383601712123366,-0.18109728337821604
2006-2026,roles,insider,SPY,sell,Other officer,1,91047,-2.352865715903621,0.8671752144602407,-2.713252958190375,0.48790185288916715,-0.17449089995679445,-0.19326841183435478
2006-2026,roles,public,SPY,sell,Director,1,29385,-0.7871716641015842,1.194689463840371,-0.6588922794808899,0.4992343032159265,-0.8582334953947005,-0.7329434955980214
2006-2026,roles,insider,SPY,sell,Director,1,29385,-1.8515701127877713,1.1562096954503005,-1.6014137574470466,0.48460098689807724,0.5322634113314113,0.38456984678741957
2006-2026,roles,public,SPY,sell,10% owner,1,3371,4.790227628620323,3.022391970084577,1.584912769764365,0.5102343518243845,4.993210275891159,1.6351338183534847
2006-2026,roles,insider,SPY,sell,10% owner,1,3371,-4.773204277366932,2.8379342570842243,-1.6819291234290465,0.4859092257490359,-2.547256180500058,-0.8744577991049316
2006-2026,roles,public,SPY,sell,Other,1,1647,0.5859793500973605,5.36628108673474,0.10919654424101656,0.5045537340619308,0.6866386019112558,0.1297799344114249
2006-2026,roles,insider,SPY,sell,Other,1,1647,-8.008410042260817,4.467040421667241,-1.7927776080593032,0.46751669702489373,-5.788633894640968,-1.3251088306629977
2006-2026,mixed,public,SPY,sell,alone,1,105251,0.00024699407750113767,0.589377147255523,0.00041907644137761924,0.49698340158288284,,
2006-2026,mixed,public,SPY,sell,other side in the 30 days before,1,6099,0.2999881168772497,2.04139512489464,0.14695249989525308,0.4966387932447942,0.2997411227997493,0.141825877630998
2006-2026,mixed,public,SPY,sell,"other side the same day, this side bigger",1,721,-4.028347946856261,6.143868559428207,-0.655669617260036,0.4895977808599168,,
2006-2026,mixed,public,SPY,sell,"other side the same day, other side bigger",1,356,-18.959001016510555,14.318654817497393,-1.3240769652008555,0.449438202247191,,
2006-2026,several insiders,public,SPY,sell,1 insider,1,87448,0.009552915949612153,0.6104091540917627,0.015650020786182488,0.4983190010063123,,
2006-2026,several insiders,public,SPY,sell,2 or more insiders,1,23902,0.042684315309331665,1.0097330654473142,0.04227287069223826,0.49200903690067777,0.033131399359719926,0.031526972157101416
2006-2026,horizons,public,SPY,sell,all,5,111351,2.343552925517047,1.8692839111262038,1.2537169509500061,0.49871128234142487,,
2006-2026,horizons,insider,SPY,sell,all,5,153447,-6.021417455273129,2.195282521615929,-2.742889535165986,0.48591370310269993,,
2006-2026,roles,public,SPY,sell,CEO,5,17850,7.89913791902268,3.8307340030807895,2.0620429172764174,0.5028571428571429,5.402736068112173,1.5298608847293658
2006-2026,roles,insider,SPY,sell,CEO,5,17850,-1.9385480819370966,4.180399575197613,-0.4637231554223998,0.48851540616246497,4.620338626446704,1.2083676387196547
2006-2026,roles,public,SPY,sell,CFO,5,10148,3.3318190118855324,4.625524415783971,0.7203116257512672,0.49931020890815925,0.221592838112303,0.05374809938051502
2006-2026,roles,insider,SPY,sell,CFO,5,10147,-11.156011693739321,4.313477300447276,-2.5863151505590456,0.48043756775401597,-5.498172240822903,-1.4992457320849433
2006-2026,roles,public,SPY,sell,Other officer,5,91047,1.803404232056135,2.3990895052774692,0.7517036059259325,0.49526068953397695,-3.249594356400827,-1.3693209009254683
2006-2026,roles,insider,SPY,sell,Other officer,5,91048,-6.468049558150164,2.4731205000319703,-2.6153394297069434,0.4837777875406379,-1.0983245931853491,-0.49421566585005944
2006-2026,roles,public,SPY,sell,Director,5,29385,3.1611199853567955,3.051138978688597,1.0360458856303782,0.4984175599795814,0.04482262623596171,0.014337087293567015
2006-2026,roles,insider,SPY,sell,Director,5,29384,-6.8389122977005234,3.0510522703316862,-2.2414929970888537,0.4900966512387694,-1.0111163770500158,-0.31364591071388725
2006-2026,roles,public,SPY,sell,10% owner,5,3371,9.528166829607656,8.399364722350892,1.1343913670343422,0.49866508454464553,6.547115371677999,0.7661405523320498
2006-2026,roles,insider,SPY,sell,10% owner,5,3371,0.3662086583213942,9.031964528378568,0.04054584771350254,0.4918421833283892,6.531104668652792,0.7181755305043829
2006-2026,roles,public,SPY,sell,Other,5,1647,9.406370721807354,10.710480471049355,0.8782398462172604,0.5245901639344263,6.349642390271319,0.5985986958025931
2006-2026,roles,insider,SPY,sell,Other,5,1647,7.563919489096049,10.527410418892563,0.7184976350424971,0.5227686703096539,13.732735165366398,1.2829450846268953
2006-2026,mixed,public,SPY,sell,alone,5,105253,2.4632805293373012,1.9590384015175322,1.257392671541899,0.49915916885979494,,
2006-2026,mixed,public,SPY,sell,other side in the 30 days before,5,6098,0.27702464003111665,4.7709154749435045,0.05806530035713892,0.4909806493932437,-2.186255889306173,-0.4233957230638615
2006-2026,mixed,public,SPY,sell,"other side the same day, this side bigger",5,721,-7.998422389363341,13.26493985895206,-0.6029746440173624,0.47156726768377255,,
2006-2026,mixed,public,SPY,sell,"other side the same day, other side bigger",5,356,18.353015905025302,28.79422114927632,0.6373853909740693,0.45786516853932585,,
2006-2026,several insiders,public,SPY,sell,1 insider,5,87449,1.8471512096707026,1.8782588031617655,0.9834380685778242,0.49926242724330755,,
2006-2026,several insiders,public,SPY,sell,2 or more insiders,5,23902,4.159711977020988,3.1720543425476024,1.3113621419487282,0.4966948372521128,2.312560767350285,0.7909709468321448
2006-2026,horizons,public,SPY,sell,all,21,111354,-0.4085655873157411,6.19806935558891,-0.06591820192320537,0.49833863175099236,,
2006-2026,horizons,insider,SPY,sell,all,21,153449,-3.091698790657163,6.4200033539726205,-0.4815727687656202,0.4987389947148564,,
2006-2026,roles,public,SPY,sell,CEO,21,17851,21.959578223374926,11.263933677698862,1.9495478978939713,0.5129684611506358,20.325374402617413,2.2141653129607093
2006-2026,roles,insider,SPY,sell,CEO,21,17850,13.829256817684485,11.482895776247968,1.2043353076747327,0.5115406162464986,19.14839871344491,2.049387649055738
2006-2026,roles,public,SPY,sell,CFO,21,10148,-4.303232496993519,10.91463694769521,-0.39426254099108726,0.4930035474970437,-8.889791552558815,-1.0193797776126898
2006-2026,roles,insider,SPY,sell,CFO,21,10148,-15.458121267768279,9.915648108958917,-1.558962268316245,0.48955459203783996,-13.24216273920086,-1.7543326811635378
2006-2026,roles,public,SPY,sell,Other officer,21,91049,-0.06366111506907114,6.6807779579544295,-0.009528997291890745,0.5015211589363969,-9.989540891776693,-1.8577373877391241
2006-2026,roles,insider,SPY,sell,Other officer,21,91048,-6.0154498551402895,6.781191218083588,-0.8870786358447945,0.4984074334417011,-7.189735374334881,-1.3197150903941812
2006-2026,roles,public,SPY,sell,Director,21,29385,7.703490769104654,8.32689066738407,0.9251341319129797,0.5020929045431343,4.5823182261835935,0.6089687755741957
2006-2026,roles,insider,SPY,sell,Director,21,29385,0.17155138982521814,8.187140807784008,0.020953760763722778,0.49780500255232263,4.036162601115902,0.5248127354709242
2006-2026,roles,public,SPY,sell,10% owner,21,3371,16.558639524389974,23.429240668073078,0.7067510107979881,0.4826460990803916,12.842093048354144,0.5437033289689828
2006-2026,roles,insider,SPY,sell,10% owner,21,3371,-0.631254659992918,24.294752822088444,-0.02598316865438492,0.4805695639276179,2.515709773626382,0.10354775920399008
2006-2026,roles,public,SPY,sell,Other,21,1647,-6.753325893579723,22.4347552402894,-0.30102070743574594,0.49666059502125076,-10.868640356353472,-0.49663009974110406
2006-2026,roles,insider,SPY,sell,Other,21,1647,-11.91239041789407,22.731248286714536,-0.5240535085288899,0.48876745598057075,-8.91639312728342,-0.39776771450936566
2006-2026,mixed,public,SPY,sell,alone,21,105255,-0.8469437717237743,6.333972320472475,-0.13371447314133472,0.49765806850030875,,
2006-2026,mixed,public,SPY,sell,other side in the 30 days before,21,6099,7.1568542847726375,13.44094241237898,0.532466702497084,0.5100836202656173,8.003798056496413,0.5935855585067442
2006-2026,mixed,public,SPY,sell,"other side the same day, this side bigger",21,721,0.8779231757378531,27.123803261774288,0.032367259387075506,0.5104022191400832,,
2006-2026,mixed,public,SPY,sell,"other side the same day, other side bigger",21,356,59.01118316685442,63.886279147681655,0.9236910327872155,0.49719101123595505,,
2006-2026,several insiders,public,SPY,sell,1 insider,21,87452,-2.896181130027418,6.236023325519554,-0.46442756526830714,0.4969240268947537,,
2006-2026,several insiders,public,SPY,sell,2 or more insiders,21,23902,8.69305580174045,8.330479313176276,1.0435240848615623,0.5035143502635763,11.589236931767863,1.789736440437235
2006-2026,horizons,public,SPY,sell,all,63,111354,-7.379327711865308,16.869561097433024,-0.4374344815045717,0.48734666020080103,,
2006-2026,horizons,insider,SPY,sell,all,63,153451,-6.8822269867726655,17.73144396403999,-0.3881368601863487,0.4877648239503164,,
2006-2026,roles,public,SPY,sell,CEO,63,17851,38.910011232656075,34.7879482330067,1.1184911214665536,0.5038373200380931,43.12695513146268,1.545288476239474
2006-2026,roles,insider,SPY,sell,CEO,63,17851,33.030793327601245,34.970966781483085,0.9445204513216618,0.4995238361996527,45.16735162434363,1.6151845007024825
2006-2026,roles,public,SPY,sell,CFO,63,10148,-15.497287331189717,25.925548739691113,-0.5977612079417208,0.4811785573512022,-17.451408945342084,-0.956704734902055
2006-2026,roles,insider,SPY,sell,CFO,63,10148,-28.50171981256186,24.98368087511679,-1.1408134756055488,0.4803902246748128,-23.15047691681389,-1.276746238175194
2006-2026,roles,public,SPY,sell,Other officer,63,91049,-14.794045210035826,19.151261827423145,-0.7724840975674973,0.4861997386022911,-38.34694479922398,-2.4289209669935032
2006-2026,roles,insider,SPY,sell,Other officer,63,91049,-22.083462540395182,18.787273196936415,-1.1754479912495372,0.4859251611769487,-37.38093004934022,-2.4196142325526044
2006-2026,roles,public,SPY,sell,Director,63,29385,32.36389964264539,24.001045647033386,1.3484370688926917,0.49736259996596904,39.03976710966428,1.6725698167749075
2006-2026,roles,insider,SPY,sell,Director,63,29385,23.57121055754452,24.19548801601962,0.9741986002488658,0.4922239237706313,37.6663263473717,1.6317137791745362
2006-2026,roles,public,SPY,sell,10% owner,63,3371,27.648131226370353,54.7419325525295,0.5050631195718135,0.47611984574310295,27.45114850067825,0.457387392413774
2006-2026,roles,insider,SPY,sell,10% owner,63,3371,19.670548691738073,54.886399202530576,0.35838657622909154,0.47226342331652327,27.14918697123643,0.4466465116751108
2006-2026,roles,public,SPY,sell,Other,63,1647,-67.87075888035284,55.6973952127568,-1.218562530996205,0.4553734061930783,-69.41583119539,-1.252998704829673
2006-2026,roles,insider,SPY,sell,Other,63,1647,-63.60298325029693,57.35797522798511,-1.1088777628130928,0.4596235579842137,-57.33614904346425,-1.0087565028011336
2006-2026,mixed,public,SPY,sell,alone,63,105255,-10.177051172984312,16.963862304842642,-0.599925358394302,0.48556363118141654,,
2006-2026,mixed,public,SPY,sell,other side in the 30 days before,63,6099,40.90307643636881,34.42348078130862,1.1882318553496922,0.5181177242170848,51.080127609353084,1.5999383247559615
2006-2026,mixed,public,SPY,sell,"other side the same day, this side bigger",63,721,50.524550979825655,49.4413897847454,1.021907984379,0.5242718446601942,,
2006-2026,mixed,public,SPY,sell,"other side the same day, other side bigger",63,356,74.60265783911915,121.33826214262665,0.6148320943597141,0.5028089887640449,,
2006-2026,several insiders,public,SPY,sell,1 insider,63,87452,-11.50078974060498,16.53917909727148,-0.6953664189114622,0.48588940218634225,,
2006-2026,several insiders,public,SPY,sell,2 or more insiders,63,23902,7.700167616447889,23.01857259217287,0.33451977031217905,0.49267843695088276,19.200957357052854,1.1778261593669694
2006-2026,horizons,public,SPY,sell,all,126,110097,-20.479339438623715,32.67702633902638,-0.6267198008211997,0.47913203811184685,,
2006-2026,horizons,insider,SPY,sell,all,126,151857,-15.911897187798145,35.31611914973067,-0.45055622109371823,0.48030713105092293,,
2006-2026,roles,public,SPY,sell,CEO,126,17646,21.13279788083747,68.11718201955638,0.3102418105724083,0.4904794287657259,34.800178026285465,0.6978087092453829
2006-2026,roles,insider,SPY,sell,CEO,126,17655,15.020288348933928,68.19467153507912,0.22025604069677993,0.4900028320589068,35.001482087088974,0.7065262390510099
2006-2026,roles,public,SPY,sell,CFO,126,10017,-23.349997963532733,51.3677162108816,-0.4545656238185323,0.47698911849855247,-14.697744305435963,-0.4138022694184797
2006-2026,roles,insider,SPY,sell,CFO,126,10022,-38.19967779999791,50.32182565492911,-0.7591075503091606,0.4755537816803033,-23.86262558907763,-0.6884522332568478
2006-2026,roles,public,SPY,sell,Other officer,126,90195,-22.038039799644952,36.39553750375333,-0.6055148875702758,0.4787405066799712,-30.593026700069473,-1.171082627629984
2006-2026,roles,insider,SPY,sell,Other officer,126,90221,-27.838852243288642,36.34903779833726,-0.7658759056494777,0.4758426530408663,-29.38528804370209,-1.153827684896861
2006-2026,roles,public,SPY,sell,Director,126,29018,14.517003766222814,36.781081457232396,0.39468670281222207,0.49007512578399615,29.84395560932966,0.9117986894451618
2006-2026,roles,insider,SPY,sell,Director,126,29028,9.345395962561877,37.43588374755417,0.24963738069018998,0.48859721648063936,31.22631272691486,0.9525809155902578
2006-2026,roles,public,SPY,sell,10% owner,126,3289,46.35142022855978,96.58869918393057,0.47988450636750324,0.5104895104895105,57.21312476752144,0.5445869996380928
2006-2026,roles,insider,SPY,sell,10% owner,126,3293,30.81308191972811,94.81001577539145,0.3249981731120632,0.5031885818402673,47.76066309692549,0.46037952656694736
2006-2026,roles,public,SPY,sell,Other,126,1638,-113.3461692693425,81.31013881733385,-1.3939979800548459,0.4444444444444444,-104.85548008408325,-1.3176026717434888
2006-2026,roles,insider,SPY,sell,Other,126,1638,-97.54306206195152,82.854095693107,-1.1772871485225391,0.45787545787545786,-82.52127762995575,-1.0205702446819074
2006-2026,mixed,public,SPY,sell,alone,126,104049,-27.98815487437807,32.770661678404664,-0.854061329278005,0.47632365520091496,,
2006-2026,mixed,public,SPY,sell,other side in the 30 days before,126,6048,108.701338020835,58.11867877555842,1.8703339496173974,0.52744708994709,136.68949289521314,2.628226777253664
2006-2026,mixed,public,SPY,sell,"other side the same day, this side bigger",126,719,111.54396548383626,77.14584539773486,1.4458842846138724,0.5271210013908206,,
2006-2026,mixed,public,SPY,sell,"other side the same day, other side bigger",126,351,-51.70444225297029,192.657207551246,-0.2683753331118802,0.46153846153846156,,
2006-2026,several insiders,public,SPY,sell,1 insider,126,86420,-23.56883321981162,30.816281457072012,-0.7648175608937015,0.47762092108308263,,
2006-2026,several insiders,public,SPY,sell,2 or more insiders,126,23677,-9.202824146557148,46.719008067498706,-0.1969824387808296,0.4846475482535794,14.36600907325449,0.48400844512016
2006-2026,horizons,public,SPY,sell,all,252,107334,12.626783042301074,58.18125425108388,0.2170249370666643,0.474192706877597,,
2006-2026,horizons,insider,SPY,sell,all,252,148004,23.292081205495766,62.91166940672935,0.37023467069218047,0.47575065538769223,,
2006-2026,roles,public,SPY,sell,CEO,252,17147,127.51166536145828,111.02035318565005,1.1485431427896036,0.48778211932116405,109.57648672500589,1.3095002933220248
2006-2026,roles,insider,SPY,sell,CEO,252,17152,117.24743930805086,111.46444323040306,1.0518819805675073,0.48723180970149255,106.27096888553908,1.2707993994384463
2006-2026,roles,public,SPY,sell,CFO,252,9688,-15.087072507432232,87.89936484838073,-0.17164029038726514,0.4707886044591247,-48.92386592404058,-0.7650336022092686
2006-2026,roles,insider,SPY,sell,CFO,252,9693,-34.476472085021825,87.8457160540215,-0.39246617403426043,0.4726090993500464,-61.81704247102368,-0.9715438653499674
2006-2026,roles,public,SPY,sell,Other officer,252,87979,7.6928486562806775,71.26289265771774,0.10795027214556306,0.47364712033553463,-56.58677647100588,-1.2009089497094556
2006-2026,roles,insider,SPY,sell,Other officer,252,87995,1.1777683878650727,71.9695738744673,0.01636480980031077,0.4726745837831695,-54.541931281318135,-1.159374422312228
2006-2026,roles,public,SPY,sell,Director,252,28371,45.31959311749287,58.21623348484772,0.7784700315469304,0.4764019597476296,18.170032533517524,0.3059793355584888
2006-2026,roles,insider,SPY,sell,Director,252,28383,42.58877462238881,58.27415405032419,0.7308347125144047,0.476306239650495,23.875304607667886,0.4003958609360861
2006-2026,roles,public,SPY,sell,10% owner,252,3192,194.0639362264267,182.9854344571474,1.0605430798475588,0.5043859649122807,167.03379496817018,0.7962778337564633
2006-2026,roles,insider,SPY,sell,10% owner,252,3193,170.40043613286716,180.1916655540582,0.9456621404154031,0.505480739116818,150.35201029390493,0.7233157434947257
2006-2026,roles,public,SPY,sell,Other,252,1588,-56.433019764892485,135.44542430037788,-0.4166476649646041,0.4729219143576826,-88.01108435292882,-0.6904834486737513
2006-2026,roles,insider,SPY,sell,Other,252,1588,-54.187632445256405,130.56490209500097,-0.41502449414643355,0.4716624685138539,-78.32004384197042,-0.6361572019451385
2006-2026,mixed,public,SPY,sell,alone,252,101428,7.782985136319375,58.911433952270954,0.13211332018543323,0.4730942146152936,,
2006-2026,mixed,public,SPY,sell,other side in the 30 days before,252,5906,95.81281995525632,82.48472989321165,1.1615825144763132,0.49305790721300374,88.02983481893686,1.184395303628273
2006-2026,mixed,public,SPY,sell,"other side the same day, this side bigger",252,701,-3.5323406887125026,121.57722990017957,-0.029054294884105474,0.4992867332382311,,
2006-2026,mixed,public,SPY,sell,"other side the same day, other side bigger",252,345,-9.397420511966109,189.8038194739126,-0.049511229742443236,0.4666666666666667,,
2006-2026,several insiders,public,SPY,sell,1 insider,252,84238,1.2061497477736842,55.15519263291303,0.02186829000491846,0.4731831240057931,,
2006-2026,several insiders,public,SPY,sell,2 or more insiders,252,23096,54.281238682429304,81.04754349336423,0.6697456374710923,0.4778749567024593,53.07508893465562,1.0527706913358477
2006-2026,horizons,public,SPY,sell,all,504,101985,19.940819353955213,142.3776065010623,0.14005586864396707,0.4670981026621562,,
2006-2026,horizons,insider,SPY,sell,all,504,140895,30.863207164709834,143.3446541796083,0.2153076955771143,0.46893076404414635,,
2006-2026,roles,public,SPY,sell,CEO,504,16065,145.3009394048835,228.5543447841066,0.6357391260364593,0.485838779956427,121.16866098346203,0.901966974580017
2006-2026,roles,insider,SPY,sell,CEO,504,16076,148.41728508709872,230.99884854859746,0.6425022722824297,0.4861283901468027,132.6943959563445,0.9620887477173092
2006-2026,roles,public,SPY,sell,CFO,504,9117,89.35273980656501,190.38771345991904,0.4693198851057991,0.46473620708566415,54.95703888502229,0.6383840605368031
2006-2026,roles,insider,SPY,sell,CFO,504,9117,67.67749965026883,189.77393507287857,0.35662168054995935,0.4671492815619173,39.361272289401974,0.4535575583265854
2006-2026,roles,public,SPY,sell,Other officer,504,83982,0.28535242305937136,152.9695960311863,0.0018654192105024311,0.46290871853492416,-93.30203719749288,-0.9935678267814856
2006-2026,roles,insider,SPY,sell,Other officer,504,84006,-6.806545637236243,154.49878590886212,-0.044055657765824666,0.4624193509987382,-93.29536151154325,-0.9782187896773379
2006-2026,roles,public,SPY,sell,Director,504,27090,43.8807001698239,139.11077331485032,0.31543710903330563,0.4750092284976006,7.33916842290693,0.06380546084456105
2006-2026,roles,insider,SPY,sell,Director,504,27106,37.14185011415712,139.7214533585284,0.2658278254438872,0.47384342949900393,7.774296270838037,0.067866914176934
2006-2026,roles,public,SPY,sell,10% owner,504,3072,513.4676453508437,358.50759574284604,1.4322364475623242,0.5244140625,486.11744522244373,1.10333590156059
2006-2026,roles,insider,SPY,sell,10% owner,504,3072,487.69955232528446,355.0328404709739,1.3736744794603215,0.5227864583333334,467.0189797885635,1.063702440521371
2006-2026,roles,public,SPY,sell,Other,504,1517,-391.24372660514916,267.91849958293363,-1.4603087402109032,0.45682267633487145,-433.8700401551512,-2.1176616563592177
2006-2026,roles,insider,SPY,sell,Other,504,1518,-387.1474354649969,266.35240340905324,-1.4535158328210447,0.461133069828722,-422.56333177864735,-2.093253976045189
2006-2026,mixed,public,SPY,sell,alone,504,96279,8.895997113710346,145.01870008236145,0.061343792963652145,0.4650858442651045,,
2006-2026,mixed,public,SPY,sell,other side in the 30 days before,504,5706,206.30332206488103,205.62646067820302,1.0032917037255107,0.5010515247108307,197.40732495117066,0.9877499931447307
2006-2026,mixed,public,SPY,sell,"other side the same day, this side bigger",504,683,-137.36683361279213,248.81223007071262,-0.552090359761465,0.4743777452415813,,
2006-2026,mixed,public,SPY,sell,"other side the same day, other side bigger",504,324,6.473118279333688,371.70328973999676,0.01741474573405465,0.4722222222222222,,
2006-2026,several insiders,public,SPY,sell,1 insider,504,79913,20.24365455938615,142.1867238502271,0.1423737323092828,0.4661944865040732,,
2006-2026,several insiders,public,SPY,sell,2 or more insiders,504,22072,18.844386326970913,152.88318282503855,0.12326003409110516,0.4703696991663646,-1.3992682324152392,-0.022997997987129214
2006-2026,horizons,public,equal-weighted,sell,all,1,111350,-0.23491759253342098,0.5855516028232342,-0.40119024762423494,0.4993174674449933,,
2006-2026,horizons,insider,equal-weighted,sell,all,1,153449,-2.502470335720995,0.7956211343316894,-3.145303999274774,0.4886314019641705,,
2006-2026,roles,public,equal-weighted,sell,CEO,1,17851,0.6184171638264087,1.374199074947267,0.4500200699452076,0.4982353929751835,1.1801805358668396,0.9062715426312614
2006-2026,roles,insider,equal-weighted,sell,CEO,1,17851,-0.21466230026649355,1.5183140499119352,-0.14138201532083847,0.4948742367374377,2.5889899204446833,1.9129114143683719
2006-2026,roles,public,equal-weighted,sell,CFO,1,10147,-0.8681992727604703,1.921929808560779,-0.4517330804139065,0.5027101606386124,-0.4751505401503599,-0.2693694586478335
2006-2026,roles,insider,equal-weighted,sell,CFO,1,10148,-4.538158385728324,1.6881682509991631,-2.688214508857372,0.48186834844304294,-2.1798472835889138,-1.4169003679148515
2006-2026,roles,public,equal-weighted,sell,Other officer,1,91046,-0.6029106690983381,0.7358433401926794,-0.8193465051140736,0.4953320299628759,-0.4387963660422605,-0.4939844089265491
2006-2026,roles,insider,equal-weighted,sell,Other officer,1,91047,-2.646287506048904,0.9016287453844989,-2.9350079171670562,0.488846419980889,-0.35365214207313056,-0.39976323662546664
2006-2026,roles,public,equal-weighted,sell,Director,1,29385,-1.0570344078611207,1.1915590547790658,-0.887101989298476,0.5001871703249957,-0.7823931371357526,-0.6601625936960424
2006-2026,roles,insider,equal-weighted,sell,Director,1,29385,-2.2097500178917335,1.2085247507287487,-1.8284689796872091,0.4876297430661902,0.3620521670313891,0.26897874112756603
2006-2026,roles,public,equal-weighted,sell,10% owner,1,3371,4.712139523462966,2.9155501264269916,1.6162094010154082,0.5057846336398695,5.251986825745303,1.7656990870840465
2006-2026,roles,insider,equal-weighted,sell,10% owner,1,3371,-5.035832279299218,2.898492116620252,-1.7373972661244226,0.48620587362800355,-2.590265441171493,-0.8949902306438583
2006-2026,roles,public,equal-weighted,sell,Other,1,1647,1.6427992383961683,5.207522673124088,0.3154665551193122,0.5142683667273831,2.0896977347688153,0.40603343084286153
2006-2026,roles,insider,equal-weighted,sell,Other,1,1647,-6.8430899047491245,4.29787124522534,-1.592204492480169,0.47358834244080145,-4.3877138130446065,-1.0424377860555574
2006-2026,mixed,public,equal-weighted,sell,alone,1,105251,-0.2836966425458852,0.6105882028449671,-0.4646284373396548,0.4992826671480556,,
2006-2026,mixed,public,equal-weighted,sell,other side in the 30 days before,1,6099,0.6068669283489867,1.99348056702248,0.3044258059938957,0.499918019347434,0.8905635708948748,0.42522894794852667
2006-2026,mixed,public,equal-weighted,sell,"other side the same day, this side bigger",1,721,-6.1042764893399255,6.060060757412074,-1.0072962522485887,0.4826629680998613,,
2006-2026,mixed,public,equal-weighted,sell,"other side the same day, other side bigger",1,356,-14.776559863422635,13.51437330146482,-1.0933958633376664,0.4410112359550562,,
2006-2026,several insiders,public,equal-weighted,sell,1 insider,1,87448,-0.14205701709398133,0.5906764514227218,-0.24049886659916497,0.5015094684841277,,
2006-2026,several insiders,public,equal-weighted,sell,2 or more insiders,1,23902,-0.5746578486219537,1.126315167728921,-0.5102105210752708,0.491297799347335,-0.4326008315279716,-0.3938912515356021
2006-2026,horizons,public,equal-weighted,sell,all,5,111351,1.672127162729152,2.328369954864451,0.7181535559826863,0.49991468419681906,,
2006-2026,horizons,insider,equal-weighted,sell,all,5,153447,-7.436793440774756,2.7998372244121223,-2.6561520705319746,0.4862460654167237,,
2006-2026,roles,public,equal-weighted,sell,CEO,5,17850,7.699802739320515,4.292741211310399,1.7936796933002346,0.5058263305322129,6.466751125049267,1.795400696191355
2006-2026,roles,insider,equal-weighted,sell,CEO,5,17850,-1.9132946152352373,4.777584676650629,-0.4004731982221131,0.4918207282913165,6.250612655756117,1.6114098210019672
2006-2026,roles,public,equal-weighted,sell,CFO,5,10148,3.095859313152981,4.77143069246231,0.6488325017575292,0.5014781237682302,1.189201732001916,0.2872116418200015
2006-2026,roles,insider,equal-weighted,sell,CFO,5,10147,-11.521083806429592,4.614170435167391,-2.4968916879663627,0.4764955159160343,-4.373496885824412,-1.1817241403765062
2006-2026,roles,public,equal-weighted,sell,Other officer,5,91047,0.6818799620483411,2.8135171081207755,0.24235856255510288,0.4977099739694883,-3.2052001614145675,-1.3659963256546577
2006-2026,roles,insider,equal-weighted,sell,Other officer,5,91048,-8.02257475179011,2.9325444795939,-2.7357043712772873,0.4846125120815394,-1.4405100214967128,-0.6564101955023525
2006-2026,roles,public,equal-weighted,sell,Director,5,29385,1.3195082438593515,3.4507345789365034,0.3823847397344644,0.4994725199931938,-0.8234921828836571,-0.27584475147116316
2006-2026,roles,insider,equal-weighted,sell,Director,5,29384,-9.126652857965095,3.5668892315934517,-2.5587149657260047,0.48873536618567925,-2.0900982403263373,-0.6555498229300398
2006-2026,roles,public,equal-weighted,sell,10% owner,5,3371,7.288436170120079,8.613090759066338,0.8462045012643228,0.5043013942450312,5.422250856185563,0.6229789425749993
2006-2026,roles,insider,equal-weighted,sell,10% owner,5,3371,-1.0023158895547744,9.356213356824496,-0.1071283703490662,0.4912488875704539,6.579008481049948,0.7114608758956799
2006-2026,roles,public,equal-weighted,sell,Other,5,1647,6.288014269690092,11.153920092289434,0.5637492664159319,0.5148755312689739,4.349394285720006,0.4018491523031231
2006-2026,roles,insider,equal-weighted,sell,Other,5,1647,7.224568064570483,10.779224154129126,0.6702308033740086,0.5215543412264724,14.82043438017596,1.3661074768037151
2006-2026,mixed,public,equal-weighted,sell,alone,5,105253,1.874958676477285,2.4053236324772733,0.7795037021883999,0.50049879813402,,
2006-2026,mixed,public,equal-weighted,sell,other side in the 30 days before,5,6098,-1.8287953227631741,4.9338257432592885,-0.3706647575183859,0.48983273204329286,-3.7037539992404636,-0.7171618426825185
2006-2026,mixed,public,equal-weighted,sell,"other side the same day, this side bigger",5,721,-11.53272412029675,13.291566736983777,-0.8676722878881503,0.492371705963939,,
2006-2026,mixed,public,equal-weighted,sell,"other side the same day, other side bigger",5,356,23.48627080696918,28.729803396066984,0.8174880448428121,0.46629213483146065,,
2006-2026,several insiders,public,equal-weighted,sell,1 insider,5,87449,1.4963388843116099,2.1856342901816217,0.6846245463083703,0.49983418907020094,,
2006-2026,several insiders,public,equal-weighted,sell,2 or more insiders,5,23902,2.315274562918913,3.9133222023995056,0.5916391350293803,0.5002091875156891,0.8189356786073094,0.264398160617591
2006-2026,horizons,public,equal-weighted,sell,all,21,111354,0.908117023971636,7.4128689457747825,0.12250547400939123,0.499515060078668,,
2006-2026,horizons,insider,equal-weighted,sell,all,21,153449,-3.212344309465698,8.234407556949124,-0.39011237751461036,0.498126413336027,,
2006-2026,roles,public,equal-weighted,sell,CEO,21,17851,24.072721805132414,12.62500498782007,1.9067494886819045,0.5156013668702033,22.228859319505123,2.3571552821456705
2006-2026,roles,insider,equal-weighted,sell,CEO,21,17850,15.50481625706957,12.735902265970624,1.2174101161640722,0.5126050420168067,21.181052749461802,2.2219154272958983
2006-2026,roles,public,equal-weighted,sell,CFO,21,10148,1.0195835402769797,12.207938597410626,0.08351807572928319,0.4956641702798581,-3.6516597430300624,-0.39410233677816625
2006-2026,roles,insider,equal-weighted,sell,CFO,21,10148,-11.207582152973352,11.377042877650746,-0.9851050289165838,0.4888648009459992,-8.561428404884861,-1.1017350064338305
2006-2026,roles,public,equal-weighted,sell,Other officer,21,91049,-0.2801481971619204,8.349985160416974,-0.03355074192107074,0.5011257674439038,-11.581983445998086,-2.177226411799564
2006-2026,roles,insider,equal-weighted,sell,Other officer,21,91048,-6.760404367764196,8.385304475541357,-0.8062205001002952,0.49751779281258235,-8.72496062380167,-1.6384243735471486
2006-2026,roles,public,equal-weighted,sell,Director,21,29385,7.642437745041394,10.099836170818769,0.7566892784976571,0.5022970903522205,3.973609243627327,0.5459974696652715
2006-2026,roles,insider,equal-weighted,sell,Director,21,29385,-0.6723420148489496,10.077220499124804,-0.06671899408247957,0.495831206397822,3.1416108791159782,0.41855271751264445
2006-2026,roles,public,equal-weighted,sell,10% owner,21,3371,17.616081318525765,22.895660223966456,0.7694070031702256,0.49391871848116287,13.482511889756275,0.5868958297566989
2006-2026,roles,insider,equal-weighted,sell,10% owner,21,3371,0.5811961514872512,24.089183205209874,0.02412685172993136,0.4859092257490359,3.8787496514664306,0.1616774308644239
2006-2026,roles,public,equal-weighted,sell,Other,21,1647,-11.395634957539011,22.463269489657193,-0.5073008166859204,0.4911961141469338,-15.997084990275578,-0.6991272038766355
2006-2026,roles,insider,equal-weighted,sell,Other,21,1647,-13.745351358622948,23.148057296903946,-0.5938015092290873,0.4978749241044323,-10.647286588359377,-0.4595253459054665
2006-2026,mixed,public,equal-weighted,sell,alone,21,105255,0.9457968592519549,7.645071396174535,0.12371328013041392,0.499035675264833,,
2006-2026,mixed,public,equal-weighted,sell,other side in the 30 days before,21,6099,0.25784795323378884,13.318549248183944,0.01936006305408585,0.5077881619937694,-0.687948906018168,-0.04947241900371574
2006-2026,mixed,public,equal-weighted,sell,"other side the same day, this side bigger",21,721,-5.629728400456999,24.028776878367168,-0.23429109309035948,0.507628294036061,,
2006-2026,mixed,public,equal-weighted,sell,"other side the same day, other side bigger",21,356,68.09082258519275,59.0472236003646,1.1531587504610854,0.5112359550561798,,
2006-2026,several insiders,public,equal-weighted,sell,1 insider,21,87452,-1.2674132718635462,7.019796159739671,-0.180548443718706,0.4977130311485158,,
2006-2026,several insiders,public,equal-weighted,sell,2 or more insiders,21,23902,8.867889236814843,10.522061636045045,0.8427900865393563,0.5061082754581206,10.135302508678384,1.5183086099628496
2006-2026,horizons,public,equal-weighted,sell,all,63,111354,-1.4451926849479386,20.606641486334404,-0.0701323738711298,0.4891337536145985,,
2006-2026,horizons,insider,equal-weighted,sell,all,63,153451,-2.1009776782326366,23.637909963343816,-0.08888170237938552,0.4891919896253527,,
2006-2026,roles,public,equal-weighted,sell,CEO,63,17851,53.990775851087584,39.56506015874484,1.3646074499688157,0.5100554590779228,54.40421760142325,1.8731049370168529
2006-2026,roles,insider,equal-weighted,sell,CEO,63,17851,47.23603912454858,39.70592657725396,1.1896470677404702,0.5045095512856422,55.83196582156029,1.9287208421230342
2006-2026,roles,public,equal-weighted,sell,CFO,63,10148,-0.6358263396331258,29.580921569570652,-0.021494473663970923,0.489850216791486,-7.015169438290113,-0.3546955491901052
2006-2026,roles,insider,equal-weighted,sell,CFO,63,10148,-13.238881780270894,30.521348250307366,-0.433758091932835,0.48482459597950334,-11.926634629853357,-0.6105030090261608
2006-2026,roles,public,equal-weighted,sell,Other officer,63,91049,-9.123915213049377,23.07209680899236,-0.395452363458068,0.4885391382662083,-36.98279785471449,-2.436289080844699
2006-2026,roles,insider,equal-weighted,sell,Other officer,63,91049,-16.720512478473847,23.50947799399908,-0.7112243190912978,0.4865731639007567,-35.95048611633947,-2.4266011587274665
2006-2026,roles,public,equal-weighted,sell,Director,63,29385,27.615327688213505,28.483883459317894,0.9695071154063347,0.4945720605751234,26.83952904673156,1.2273453218520716
2006-2026,roles,insider,equal-weighted,sell,Director,63,29385,18.52128006269362,28.631868384126825,0.6468764040897031,0.4915433044070104,25.506634151200753,1.1874166538640336
2006-2026,roles,public,equal-weighted,sell,10% owner,63,3371,31.973610315415172,60.280110230694405,0.5304172502845612,0.4903589439335509,26.643495723204367,0.45113453650222834
2006-2026,roles,insider,equal-weighted,sell,10% owner,63,3371,22.33891214792448,60.82082780705602,0.3672904982285175,0.4876891130228419,24.98884284190856,0.41584981401784465
2006-2026,roles,public,equal-weighted,sell,Other,63,1647,-83.8776101453551,57.89264755441902,-1.4488473698928737,0.4632665452337584,-90.76723796992911,-1.566746209441813
2006-2026,roles,insider,equal-weighted,sell,Other,63,1647,-77.97561302303752,57.727188286998924,-1.3507606266109944,0.4559805707346691,-76.6978384515274,-1.3200824288602824
2006-2026,mixed,public,equal-weighted,sell,alone,63,105255,-3.471540694689045,21.215165122878762,-0.16363486565302676,0.487568286542207,,
2006-2026,mixed,public,equal-weighted,sell,other side in the 30 days before,63,6099,33.52500894897575,29.123483257030518,1.1511332162124766,0.5161501885555009,36.99654964366485,1.2245500765394652
2006-2026,mixed,public,equal-weighted,sell,"other side the same day, this side bigger",63,721,35.39606716017056,46.38426620368772,0.7631050366246053,0.5006934812760055,,
2006-2026,mixed,public,equal-weighted,sell,"other side the same day, other side bigger",63,356,83.51698129253285,109.33213803436301,0.7638831801339467,0.4943820224719101,,
2006-2026,several insiders,public,equal-weighted,sell,1 insider,63,87452,-5.85031867659779,19.352782773053047,-0.30229857613778494,0.48719297443168824,,
2006-2026,several insiders,public,equal-weighted,sell,2 or more insiders,63,23902,14.672164783956806,28.61170061693636,0.5128029605926951,0.49623462471759683,20.5224834605546,1.2509824308369142
2006-2026,horizons,public,equal-weighted,sell,all,126,110097,-9.418520000822054,41.994224303677264,-0.22428131860974304,0.4797678410855882,,
2006-2026,horizons,insider,equal-weighted,sell,all,126,151857,-5.409023405514156,45.7940488153549,-0.11811629557639142,0.480985400738853,,
2006-2026,roles,public,equal-weighted,sell,CEO,126,17646,47.68701834434088,76.41488067086486,0.6240540837816525,0.4947296837810269,52.99602243440236,0.9821777456273545
2006-2026,roles,insider,equal-weighted,sell,CEO,126,17655,41.750029620454306,76.43456430281358,0.5462192399638951,0.49226847918436706,53.363081886741426,0.9989945050925114
2006-2026,roles,public,equal-weighted,sell,CFO,126,10017,10.016013559231087,53.94271295183182,0.1856787137898476,0.48487571129080564,9.812081886350569,0.27835504994661286
2006-2026,roles,insider,equal-weighted,sell,CFO,126,10022,-4.018686545067236,53.879425342434914,-0.07458666308198647,0.48074236679305526,1.4885774640736746,0.04413618031731979
2006-2026,roles,public,equal-weighted,sell,Other officer,126,90195,-8.559333186805384,46.36276924997786,-0.18461652151655011,0.4800709573701425,-23.188182050228523,-0.8830894397319488
2006-2026,roles,insider,equal-weighted,sell,Other officer,126,90221,-14.510377458374334,46.10031307484007,-0.3147565925380578,0.4790126467230467,-22.423653747893958,-0.8807352494291147
2006-2026,roles,public,equal-weighted,sell,Director,126,29018,-0.5914902551078716,48.633217553905325,-0.012162268606889117,0.48318285202288236,-1.7838910224375724,-0.05572835613762428
2006-2026,roles,insider,equal-weighted,sell,Director,126,29028,-5.808464125714452,48.36434066956185,-0.1200980731940385,0.4811216756235359,-0.4938399681464323,-0.015557009835488094
2006-2026,roles,public,equal-weighted,sell,10% owner,126,3289,47.13146052455089,108.51408921673261,0.43433494087957863,0.4971115840681058,47.30498160452564,0.4637686271516324
2006-2026,roles,insider,equal-weighted,sell,10% owner,126,3293,33.000466656462585,107.37066158409253,0.3073508737823756,0.49195262678408747,39.260856818216965,0.3880792355443559
2006-2026,roles,public,equal-weighted,sell,Other,126,1638,-108.9211979192993,78.86616262277721,-1.3810891045920108,0.4444444444444444,-110.9699974810193,-1.3466534486549946
2006-2026,roles,insider,equal-weighted,sell,Other,126,1638,-91.0508175043459,76.78482130407762,-1.185791878628891,0.44505494505494503,-86.57563907672336,-1.0505996603560699
2006-2026,mixed,public,equal-weighted,sell,alone,126,104049,-15.261731222215063,42.76434709217562,-0.35687979029165223,0.47718863227902236,,
2006-2026,mixed,public,equal-weighted,sell,other side in the 30 days before,126,6048,91.10732066960117,58.77657822805013,1.550061664292695,0.5241402116402116,106.36905189181631,1.9402393791030534
2006-2026,mixed,public,equal-weighted,sell,"other side the same day, this side bigger",126,719,85.5349302691986,82.47138937465832,1.0371467113355268,0.5132127955493742,,
2006-2026,mixed,public,equal-weighted,sell,"other side the same day, other side bigger",126,351,-30.52873938708654,163.03846874480857,-0.18724868812936904,0.4928774928774929,,
2006-2026,several insiders,public,equal-weighted,sell,1 insider,126,86420,-12.491989464852212,39.49309904434716,-0.31630815932740153,0.47892848877574634,,
2006-2026,several insiders,public,equal-weighted,sell,2 or more insiders,126,23677,1.799507244246404,56.06493467457811,0.032096840113903964,0.4828314397938928,14.291496709098602,0.5021591832365283
2006-2026,horizons,public,equal-weighted,sell,all,252,107334,18.04059034029537,87.63350026081247,0.20586408492874816,0.47442562468556093,,
2006-2026,horizons,insider,equal-weighted,sell,all,252,148004,23.227227585905553,94.8630562112735,0.24485008720544715,0.477561417258993,,
2006-2026,roles,public,equal-weighted,sell,CEO,252,17147,177.52565776261164,147.61907270497588,1.2025929611236996,0.49629672829066307,166.55466515535355,1.8433423589138773
2006-2026,roles,insider,equal-weighted,sell,CEO,252,17152,167.56610195022384,147.24773120260605,1.137987665967231,0.4956856343283582,163.25872559392732,1.8147573335784384
2006-2026,roles,public,equal-weighted,sell,CFO,252,9688,22.20262852256934,101.06824178003599,0.21967957621040785,0.476878612716763,-8.635014031327138,-0.138646190679003
2006-2026,roles,insider,equal-weighted,sell,CFO,252,9693,3.575095782337097,101.56597044650488,0.035199740293134024,0.47529144743629426,-21.029376661692435,-0.3507792563085469
2006-2026,roles,public,equal-weighted,sell,Other officer,252,87979,8.676168103736305,92.36976291523955,0.09392866052603968,0.4758521920003637,-53.270205566006204,-1.0561456735411416
2006-2026,roles,insider,equal-weighted,sell,Other officer,252,87995,2.851187818622221,91.38819335817205,0.031198645184370134,0.4755042900164782,-50.25471828754006,-0.9949385835722729
2006-2026,roles,public,equal-weighted,sell,Director,252,28371,-0.40355876964912746,111.5091080826909,-0.0036190655327443177,0.4712206125973706,-37.95297705489363,-0.5674048713589569
2006-2026,roles,insider,equal-weighted,sell,Director,252,28383,-4.132859414109745,111.72891308399704,-0.03699006192786186,0.4719374273332629,-33.851934997619686,-0.5076394130181912
2006-2026,roles,public,equal-weighted,sell,10% owner,252,3192,184.76080826735023,216.4231414223901,0.853701720865215,0.4993734335839599,157.89475406827708,0.7699089339545009
2006-2026,roles,insider,equal-weighted,sell,10% owner,252,3193,160.37908124831864,217.03778778556756,0.7389454292022756,0.49859066708424676,140.17597385179158,0.687894345820203
2006-2026,roles,public,equal-weighted,sell,Other,252,1588,-76.52612214398115,124.7322774535646,-0.6135230086893133,0.464735516372796,-107.95701119428584,-0.8570149021509367
2006-2026,roles,insider,equal-weighted,sell,Other,252,1588,-73.4901273419029,120.70427412585865,-0.608844449578269,0.46788413098236775,-97.76633290579825,-0.8098564533451189
2006-2026,mixed,public,equal-weighted,sell,alone,252,101428,18.304509602677964,88.7952355619509,0.20614292520128766,0.4737252040856568,,
2006-2026,mixed,public,equal-weighted,sell,other side in the 30 days before,252,5906,13.508114392964199,113.56305473871812,0.11894814228133607,0.48645445309854385,-4.7963952097136815,-0.04987153225463509
2006-2026,mixed,public,equal-weighted,sell,"other side the same day, this side bigger",252,701,-98.91552550904625,132.809720931242,-0.7447913060539945,0.48787446504992865,,
2006-2026,mixed,public,equal-weighted,sell,"other side the same day, other side bigger",252,345,-43.78306226993928,173.73680354727057,-0.25200798780683636,0.48405797101449277,,
2006-2026,several insiders,public,equal-weighted,sell,1 insider,252,84238,9.623045872806298,82.10364655261988,0.11720607155540805,0.47267266554286663,,
2006-2026,several insiders,public,equal-weighted,sell,2 or more insiders,252,23096,48.74188540664223,114.32081284801535,0.426360556685706,0.4808191894700381,39.118839533835896,0.7856346777487104
2006-2026,horizons,public,equal-weighted,sell,all,504,101985,9.258306266717188,179.79090718280796,0.051494852614006326,0.45740059812717554,,
2006-2026,horizons,insider,equal-weighted,sell,all,504,140895,13.798931943266425,190.29792124836408,0.07251225789932295,0.45936335569040776,,
2006-2026,roles,public,equal-weighted,sell,CEO,504,16065,230.42297017503,262.48971616016183,0.8778361817208646,0.4865857454092748,237.23246230789806,1.9542041553825813
2006-2026,roles,insider,equal-weighted,sell,CEO,504,16076,234.4559644587172,266.4094070662332,0.8800588802047372,0.4868126399601891,249.07644346024594,1.9799372139448321
2006-2026,roles,public,equal-weighted,sell,CFO,504,9117,137.22171146550212,207.236758134552,0.6621494791788268,0.460348798947022,125.06754400368087,1.3553140346002346
2006-2026,roles,insider,equal-weighted,sell,CFO,504,9117,116.36091328780401,208.61960419114166,0.5577659575137134,0.45925194691236154,109.65768460242685,1.2444500112927808
2006-2026,roles,public,equal-weighted,sell,Other officer,504,83982,-16.677872232997064,175.99648186253933,-0.09476253193528714,0.4555023695553809,-91.46922786125562,-0.8773563699184744
2006-2026,roles,insider,equal-weighted,sell,Other officer,504,84006,-23.163546341032408,175.41275328511054,-0.1320516661829205,0.45422945980049045,-91.54367940843181,-0.8632050026135522
2006-2026,roles,public,equal-weighted,sell,Director,504,27090,-50.31458948928954,239.76401009965127,-0.2098504670003545,0.4554817275747508,-87.36936989746974,-0.6506318192204061
2006-2026,roles,insider,equal-weighted,sell,Director,504,27106,-56.94191752283993,238.39457081585192,-0.23885576474316927,0.45381096436213386,-87.5922275925357,-0.656227022520559
2006-2026,roles,public,equal-weighted,sell,10% owner,504,3072,455.4649833839909,507.5789881788224,0.8973282858263797,0.5279947916666666,444.9193549313326,0.9539052070268178
2006-2026,roles,insider,equal-weighted,sell,10% owner,504,3072,431.42343747354096,504.2545726228862,0.8555667333455932,0.5244140625,426.9331294971668,0.917780612897223
2006-2026,roles,public,equal-weighted,sell,Other,504,1517,-485.33308279841333,213.70415418585355,-2.2710512327071117,0.4245220830586684,-511.0879346789815,-2.5155444742211737
2006-2026,roles,insider,equal-weighted,sell,Other,504,1518,-475.47056953661166,214.02100596524267,-2.2216070211997265,0.4209486166007905,-494.5982939151181,-2.4697484202501507
2006-2026,mixed,public,equal-weighted,sell,alone,504,96279,7.963257233659657,176.69145638955538,0.04506871693956099,0.4568909107905151,,
2006-2026,mixed,public,equal-weighted,sell,other side in the 30 days before,504,5706,31.110045813466236,322.71116039388113,0.09640213798461526,0.4660007010164739,23.14678857980678,0.09764080575633857
2006-2026,mixed,public,equal-weighted,sell,"other side the same day, this side bigger",504,683,-349.2509462132447,286.13056184143113,-1.2205999385930464,0.43923865300146414,,
2006-2026,mixed,public,equal-weighted,sell,"other side the same day, other side bigger",504,324,-119.3540703507505,325.6026682934725,-0.3665635511413383,0.46296296296296297,,
2006-2026,several insiders,public,equal-weighted,sell,1 insider,504,79913,12.460449877444955,174.51617671125928,0.0713999705486388,0.4564213582270719,,
2006-2026,several insiders,public,equal-weighted,sell,2 or more insiders,504,22072,-2.3352467581139527,206.75831358655014,-0.011294572477427399,0.4609459949256977,-14.795696635558762,-0.21579691667833384
2006-2026,timing,insider,SPY,sell,20 days before the trade,0,153428,247.6768610713092,8.599722341376186,28.800564860059687,0.6341280600672629,,
2006-2026,timing,insider,SPY,sell,from trade to public,0,153451,-7.270444634395038,1.26358357184663,-5.753829660645115,0.47864139041127135,,
2006-2026,timing,insider,SPY,sell,from trade to the close on the filing day,0,153449,-2.1597293436009846,0.9072849866902856,-2.380431039071341,0.41292546709330136,,
2006-2026,timing,insider,SPY,sell,the day after the filing,0,153449,-5.0838372525572595,0.7020371862613983,-7.241549809676792,0.47753976891345007,,
2006-2016,horizons,public,SPY,buy,all,1,5330,12.335156734297534,3.4268675505473887,3.599542892262406,0.5022514071294559,,
2006-2016,horizons,insider,SPY,buy,all,1,8129,32.981675089934065,7.4816696880447076,4.408330822548468,0.5361053020051667,,
2006-2016,roles,public,SPY,buy,CEO,1,631,9.096674503569215,11.85319264969069,0.7674450903155271,0.5404120443740095,1.210709984704847,0.10219061506575321
2006-2016,roles,insider,SPY,buy,CEO,1,631,49.01205295638912,12.665414941403593,3.8697550126184463,0.5657686212361331,17.379426737318365,1.6664849775957407
2006-2016,roles,public,SPY,buy,CFO,1,381,1.4488660433148435,14.464846454392175,0.10016463347074817,0.5013123359580053,-6.852236900889393,-0.4697304834954808
2006-2016,roles,insider,SPY,buy,CFO,1,381,12.484342765313556,13.528270777983266,0.9228335956751648,0.49868766404199477,-21.50526774223542,-1.415914407398922
2006-2016,roles,public,SPY,buy,Other officer,1,2270,3.475195918901848,8.249027225210567,0.4212855436191314,0.48590308370044055,-6.250059045817394,-0.7962727007259841
2006-2016,roles,insider,SPY,buy,Other officer,1,2270,22.319363113037937,12.164912726200281,1.8347326952019494,0.5026431718061674,-14.793298184022659,-1.5360123609221767
2006-2016,roles,public,SPY,buy,Director,1,4280,9.994276502680364,4.939500262714636,2.023337578929035,0.5023364485981309,4.254224504050761,0.6174818554962702
2006-2016,roles,insider,SPY,buy,Director,1,4280,32.01826889140484,6.5940782711566985,4.855609468795152,0.5422897196261682,-2.0346918648594916,-0.17550181450362695
2006-2016,roles,public,SPY,buy,10% owner,1,497,13.357591327927743,12.112004518640099,1.102839031092724,0.5392354124748491,5.727842810603708,0.4244531455635028
2006-2016,roles,insider,SPY,buy,10% owner,1,497,76.4563547435898,26.134456571724773,2.9255000781730036,0.6156941649899397,46.30577448959215,2.044396357516743
2006-2016,roles,public,SPY,buy,Other,1,70,18.200327751184272,21.655241953634604,0.8404582959706686,0.4857142857142857,10.309157552448145,0.4694668498489819
2006-2016,roles,insider,SPY,buy,Other,1,70,96.04204810907369,38.22317223832515,2.512665550369349,0.6142857142857143,63.6081117102104,1.8611633287005085
2006-2016,mixed,public,SPY,buy,alone,1,3643,18.71030309261827,5.243428632731076,3.5683336997900312,0.5105682130112544,,
2006-2016,mixed,public,SPY,buy,other side in the 30 days before,1,1687,-1.4316827342041998,4.596630844364124,-0.3114635006984669,0.4842916419679905,-20.141985826822484,-2.4767503488818168
2006-2016,mixed,public,SPY,buy,"other side the same day, this side bigger",1,198,-18.961577996826847,16.206552000955725,-1.169994579705088,0.4797979797979798,,
2006-2016,mixed,public,SPY,buy,"other side the same day, other side bigger",1,427,-1.511880369888652,8.375889893055199,-0.18050384964375135,0.5011709601873536,,
2006-2016,several insiders,public,SPY,buy,1 insider,1,4600,10.833522043980018,3.4198808148672564,3.167806900428641,0.4984782608695652,,
2006-2016,several insiders,public,SPY,buy,2 or more insiders,1,730,21.797512317120223,13.08671462223157,1.6656214295443441,0.5260273972602739,10.963990273140217,0.8045959310425304
2006-2016,horizons,public,SPY,buy,all,5,5330,30.009247140758234,11.297572574905224,2.6562561950180683,0.5093808630393997,,
2006-2016,horizons,insider,SPY,buy,all,5,8129,88.08774409891625,18.22467260006918,4.833433556363688,0.543855332759257,,
2006-2016,roles,public,SPY,buy,CEO,5,631,33.34378895909786,27.345831068539688,1.2193371953306105,0.5245641838351822,1.2603625086041148,0.04994122904747118
2006-2016,roles,insider,SPY,buy,CEO,5,631,142.33080217279397,25.691106420632444,5.540080673928802,0.6101426307448494,58.80792465758225,2.706148594229928
2006-2016,roles,public,SPY,buy,CFO,5,381,37.85612988764441,32.194770544733515,1.1758471716717045,0.5065616797900262,5.953925851531877,0.18848330595589521
2006-2016,roles,insider,SPY,buy,CFO,5,381,73.5529019221721,35.04907896844512,2.0985687523598604,0.5380577427821522,-15.249578220799288,-0.4751700812677191
2006-2016,roles,public,SPY,buy,Other officer,5,2270,46.735566006647474,28.16072706268385,1.6596008300004934,0.48061674008810573,20.193199131088026,0.8747458689121131
2006-2016,roles,insider,SPY,buy,Other officer,5,2270,93.31073537545115,27.90014196952145,3.3444537836898913,0.5220264317180616,7.246577246450312,0.3772915117051567
2006-2016,roles,public,SPY,buy,Director,5,4280,22.583740480639865,10.23847563289852,2.2057717662650127,0.4995327102803738,-20.269741748992235,-1.2292176539014268
2006-2016,roles,insider,SPY,buy,Director,5,4280,70.6903663769433,16.804183186912514,4.2067124352702,0.5380841121495327,-36.74286399114518,-1.8531739922285357
2006-2016,roles,public,SPY,buy,10% owner,5,497,28.73124634934512,36.48253787432998,0.7875342019328414,0.5050301810865191,-3.6746803963791774,-0.08918584243578037
2006-2016,roles,insider,SPY,buy,10% owner,5,497,133.13433236896935,48.01769717197309,2.7726096878855953,0.5895372233400402,47.98004665189488,1.020361118693008
2006-2016,roles,public,SPY,buy,Other,5,70,130.15389301080617,81.55741930114884,1.5958559518689037,0.6571428571428571,98.82361756121708,1.2305313912639713
2006-2016,roles,insider,SPY,buy,Other,5,70,252.75684848200402,141.86201444948958,1.7817091450650373,0.7142857142857143,166.09941053854334,1.2029108609681063
2006-2016,mixed,public,SPY,buy,alone,5,3643,45.88186666424918,17.919100724244288,2.5605005167570525,0.513313203403788,,
2006-2016,mixed,public,SPY,buy,other side in the 30 days before,5,1687,-4.266954948202918,15.154989782732425,-0.2815544589191793,0.5008891523414345,-50.14882161245215,-1.7990637598680965
2006-2016,mixed,public,SPY,buy,"other side the same day, this side bigger",5,198,64.28006722915833,46.600894920894746,1.379374094387545,0.5252525252525253,,
2006-2016,mixed,public,SPY,buy,"other side the same day, other side bigger",5,427,-13.613182203916262,18.108616814554,-0.7517516298083722,0.4449648711943794,,
2006-2016,several insiders,public,SPY,buy,1 insider,5,4600,27.55068164901364,11.281211564842065,2.442174006812835,0.5113043478260869,,
2006-2016,several insiders,public,SPY,buy,2 or more insiders,5,730,45.50157763668326,24.65001953383222,1.8459043236956552,0.49726027397260275,17.950895987669657,0.7589663831265562
2006-2016,horizons,public,SPY,buy,all,21,5330,52.78109818840765,39.6974231762104,1.3295849948275218,0.5048780487804878,,
2006-2016,horizons,insider,SPY,buy,all,21,8128,115.22486262645774,46.046808263660296,2.502342007434902,0.5294045275590551,,
2006-2016,roles,public,SPY,buy,CEO,21,631,94.01718703167738,65.19140113819229,1.4421715961033017,0.526148969889065,40.55980828131095,0.9484665684826319
2006-2016,roles,insider,SPY,buy,CEO,21,631,151.25548115997185,67.55461782919275,2.2390102412008464,0.5673534072900158,39.0632076084304,0.9121546622630512
2006-2016,roles,public,SPY,buy,CFO,21,381,14.1990013460579,51.35584205266136,0.27648268976873064,0.49868766404199477,-44.49207394748721,-1.338329236208895
2006-2016,roles,insider,SPY,buy,CFO,21,381,82.2389612451457,50.0209214177342,1.6440912904892844,0.5091863517060368,-34.60815882629454,-0.7466417347448331
2006-2016,roles,public,SPY,buy,Other officer,21,2270,118.99056455022429,70.59909194097872,1.6854404395130342,0.5220264317180616,86.55504836005086,1.7286259058541111
2006-2016,roles,insider,SPY,buy,Other officer,21,2270,182.12203388734136,77.19720099166973,2.359179238985542,0.5343612334801762,92.82011061940304,1.860220484923107
2006-2016,roles,public,SPY,buy,Director,21,4280,38.00073020268203,34.95235064957437,1.0872152944352766,0.49906542056074765,-39.293409994708654,-0.798062547539727
2006-2016,roles,insider,SPY,buy,Director,21,4279,85.19157770093325,33.61990501515861,2.5339624743889644,0.5171769104931059,-63.421808229322615,-1.2106471630554
2006-2016,roles,public,SPY,buy,10% owner,21,497,-99.95937074222114,130.10769350582405,-0.7682817829504189,0.4909456740442656,-166.76074366493052,-1.2430040491609033
2006-2016,roles,insider,SPY,buy,10% owner,21,497,14.413205357721433,134.12226781838734,0.1074631796208375,0.545271629778672,-107.37742763468572,-0.8516300253779794
2006-2016,roles,public,SPY,buy,Other,21,70,176.31009742564248,83.03309596859165,2.1233713541445463,0.6571428571428571,120.7440763228455,1.3691910756856558
2006-2016,roles,insider,SPY,buy,Other,21,70,352.2469944594231,124.2780003202254,2.834347137480432,0.7714285714285715,239.08114762203328,2.0833945782800956
2006-2016,mixed,public,SPY,buy,alone,21,3643,87.7068166507939,55.84659428119914,1.5704953503372463,0.5028822399121603,,
2006-2016,mixed,public,SPY,buy,other side in the 30 days before,21,1687,-22.63940706261381,39.1062133136902,-0.578920973018072,0.5091879075281565,-110.3462237134078,-1.578365721073573
2006-2016,mixed,public,SPY,buy,"other side the same day, this side bigger",21,198,167.70189307997518,98.15501587641903,1.7085412455245115,0.5555555555555556,,
2006-2016,mixed,public,SPY,buy,"other side the same day, other side bigger",21,427,13.697066177728194,40.479704152711044,0.3383687322924978,0.5058548009367682,,
2006-2016,several insiders,public,SPY,buy,1 insider,21,4600,48.581805592770536,37.475610901593605,1.2963579358410047,0.5047826086956522,,
2006-2016,several insiders,public,SPY,buy,2 or more insiders,21,730,79.24239399653194,68.49470167696067,1.156912754657437,0.5054794520547945,30.660588403761395,0.628360132057705
2006-2016,horizons,public,SPY,buy,all,63,5330,177.5726837961608,130.8402790810801,1.3571713928103226,0.5204502814258912,,
2006-2016,horizons,insider,SPY,buy,all,63,8127,248.32026935803708,144.2414982924151,1.7215591372645562,0.5319306016980435,,
2006-2016,roles,public,SPY,buy,CEO,63,631,314.4293859710731,173.29971297422296,1.8143676095865326,0.5309033280507132,152.8752511398768,1.7936098698576675
2006-2016,roles,insider,SPY,buy,CEO,63,631,413.6438636427682,187.91227093221494,2.201260522214543,0.5515055467511886,179.24024156243456,2.1912021500186363
2006-2016,roles,public,SPY,buy,CFO,63,381,209.9467598151956,156.18869723498756,1.344186637905869,0.5065616797900262,38.32206569768554,0.5450986984706734
2006-2016,roles,insider,SPY,buy,CFO,63,381,254.37014301708714,164.69908273609846,1.5444539143224674,0.5301837270341208,6.347446840576297,0.08058689600686367
2006-2016,roles,public,SPY,buy,Other officer,63,2270,174.43817376721717,167.36306981071382,1.0422739853212852,0.5035242290748899,1.4115154534313386,0.01773888257733905
2006-2016,roles,insider,SPY,buy,Other officer,63,2269,250.51914855251047,169.2739073259037,1.479963170402778,0.5271044513001322,3.0505789029505928,0.03904533216432435
2006-2016,roles,public,SPY,buy,Director,63,4280,186.75491065964255,141.08445404775009,1.3237100566475968,0.5182242990654206,28.161294684380206,0.37177979555343615
2006-2016,roles,insider,SPY,buy,Director,63,4279,252.70686318441625,148.79200878102714,1.698390022788909,0.5396120588922646,9.264513520525691,0.11444978632735293
2006-2016,roles,public,SPY,buy,10% owner,63,497,-222.69606689201447,147.3677833059917,-1.5111584221200676,0.4044265593561368,-421.912234444083,-2.0141295648713555
2006-2016,roles,insider,SPY,buy,10% owner,63,497,-85.29595867129652,144.92868349567337,-0.5885374558987345,0.4507042253521127,-355.3471933413356,-1.7790080841770257
2006-2016,roles,public,SPY,buy,Other,63,70,667.6780092170935,452.204282996241,1.4764964294304213,0.5714285714285714,498.5502781255359,1.2343704101785344
2006-2016,roles,insider,SPY,buy,Other,63,70,754.3714636077412,504.7550823633869,1.4945297035457064,0.6285714285714286,510.44781626751234,1.1438400830247717
2006-2016,mixed,public,SPY,buy,alone,63,3643,246.74019550435045,154.60428681485544,1.5959466622023963,0.5295086467197365,,
2006-2016,mixed,public,SPY,buy,other side in the 30 days before,63,1687,28.20857878552937,122.4797516440663,0.23031218145759502,0.5008891523414345,-218.53161671882094,-1.5453415046291674
2006-2016,mixed,public,SPY,buy,"other side the same day, this side bigger",63,198,212.0641550313978,174.21244605303963,1.2172732765995036,0.5404040404040404,,
2006-2016,mixed,public,SPY,buy,"other side the same day, other side bigger",63,427,88.22939737215604,60.12579759998899,1.4674133382668373,0.522248243559719,,
2006-2016,several insiders,public,SPY,buy,1 insider,63,4600,151.48515809658133,108.678298314164,1.3938859960677017,0.5226086956521739,,
2006-2016,several insiders,public,SPY,buy,2 or more insiders,63,730,341.959832040086,299.48654700546865,1.141820343715946,0.5068493150684932,190.47467394350485,0.8909936458763384
2006-2016,horizons,public,SPY,buy,all,126,5330,320.33524848905085,239.97371408925164,1.3348764038794305,0.5133208255159475,,
2006-2016,horizons,insider,SPY,buy,all,126,8129,339.61709970399744,248.34578223572117,1.3675170830227539,0.5172837987452331,,
2006-2016,roles,public,SPY,buy,CEO,126,631,311.59823614174064,253.3829055391674,1.2297523997473239,0.5071315372424723,57.5035172551844,0.434461474624287
2006-2016,roles,insider,SPY,buy,CEO,126,631,447.7723448202565,290.39364666104166,1.541949522549001,0.5245641838351822,117.25713357562981,0.8221069215731678
2006-2016,roles,public,SPY,buy,CFO,126,381,185.7918416142815,328.7117030910334,0.565212129252448,0.46194225721784776,-76.34470943912531,-0.5357995653176456
2006-2016,roles,insider,SPY,buy,CFO,126,381,249.17616146661092,328.27860025464554,0.7590386984510263,0.4881889763779528,-94.88827916000457,-0.7072641678033582
2006-2016,roles,public,SPY,buy,Other officer,126,2270,202.83850206356567,241.17014516350307,0.8410597502690469,0.47841409691629955,-77.30781804780906,-0.7654160543740045
2006-2016,roles,insider,SPY,buy,Other officer,126,2270,278.8861226316528,250.97368462546697,1.1112165924799653,0.5066079295154186,-84.26047322428569,-0.7909539773979479
2006-2016,roles,public,SPY,buy,Director,126,4280,299.1246976418997,230.12618320514537,1.2998290480281671,0.5158878504672897,85.67523458409055,0.83757981812577
2006-2016,roles,insider,SPY,buy,Director,126,4280,368.49247145913864,239.43522014984032,1.5390069649257672,0.5296728971962616,60.984124966885204,0.5810715319285166
2006-2016,roles,public,SPY,buy,10% owner,126,497,-53.4319517630392,331.5130129701726,-0.16117603132473918,0.42857142857142855,-332.30726219845155,-1.2299934238145145
2006-2016,roles,insider,SPY,buy,10% owner,126,497,79.9609600767429,385.87657630075364,0.2072190046965199,0.43661971830985913,-276.5650889714297,-0.9247554990816904
2006-2016,roles,public,SPY,buy,Other,126,70,1718.2012141566288,1010.6703257673219,1.7000610093624098,0.7714285714285715,1472.3212533394205,1.7353847249420964
2006-2016,roles,insider,SPY,buy,Other,126,70,1904.3866145189972,1137.9489072540346,1.6735255883451223,0.7714285714285715,1578.3610107868399,1.6372976228412273
2006-2016,mixed,public,SPY,buy,alone,126,3643,414.7712564296746,291.5920474251096,1.4224367917173784,0.5204501784243755,,
2006-2016,mixed,public,SPY,buy,other side in the 30 days before,126,1687,116.40497170915026,152.8267374140312,0.761679361077972,0.4979253112033195,-298.3662847205244,-1.4172174043657546
2006-2016,mixed,public,SPY,buy,"other side the same day, this side bigger",126,198,251.78263432630575,235.6617558931576,1.0684068501995587,0.5151515151515151,,
2006-2016,mixed,public,SPY,buy,"other side the same day, other side bigger",126,427,127.27407156851338,89.17118274505097,1.427300475899285,0.5199063231850117,,
2006-2016,several insiders,public,SPY,buy,1 insider,126,4600,301.300670029752,204.76516296736438,1.4714449746404057,0.5167391304347826,,
2006-2016,several insiders,public,SPY,buy,2 or more insiders,126,730,440.27916754764783,480.3687325873917,0.9165441829991495,0.4917808219178082,138.97849751789585,0.4707579338073884
2006-2016,horizons,public,SPY,buy,all,252,5330,565.4493769157127,399.3031722273418,1.416090370035368,0.5136960600375234,,
2006-2016,horizons,insider,SPY,buy,all,252,8129,491.05367668890574,404.7162072483053,1.2133284209881663,0.5042440644605732,,
2006-2016,roles,public,SPY,buy,CEO,252,631,399.3545329263529,437.1505344766173,0.9135400769999834,0.5039619651347068,-1.528831647857876,-0.008075632857868538
2006-2016,roles,insider,SPY,buy,CEO,252,631,539.3367722253237,490.56621910541435,1.0994168599885377,0.5039619651347068,52.34639685456674,0.25037757718989356
2006-2016,roles,public,SPY,buy,CFO,252,381,347.94188339477137,592.4789462306165,0.5872645527885787,0.47244094488188976,-55.42031591867067,-0.21545137616042803
2006-2016,roles,insider,SPY,buy,CFO,252,381,408.46822155524364,604.1935242981868,0.6760552788607063,0.4776902887139108,-86.64651068424652,-0.3565472867128962
2006-2016,roles,public,SPY,buy,Other officer,252,2270,65.63583843755742,432.44120056505136,0.15177979885310197,0.47841409691629955,-464.97054910309856,-2.438552135918136
2006-2016,roles,insider,SPY,buy,Other officer,252,2270,166.1692620896101,454.4215998407695,0.3656720150358967,0.47709251101321587,-450.7570244542882,-2.310810729414204
2006-2016,roles,public,SPY,buy,Director,252,4280,566.7463517035075,376.8853465722525,1.5037632979313957,0.5039719626168224,350.549471328619,1.9532894647056194
2006-2016,roles,insider,SPY,buy,Director,252,4280,636.0674030679096,392.665886293287,1.6198692712328544,0.5130841121495328,306.26567465183734,1.6695325163246777
2006-2016,roles,public,SPY,buy,10% owner,252,497,356.4520196523097,356.1788147248138,1.0007670442940493,0.5211267605633803,-47.1983372772972,-0.10835122122018982
2006-2016,roles,insider,SPY,buy,10% owner,252,497,521.1190587602895,380.8278975142807,1.3683846749718431,0.5331991951710262,32.02325613971144,0.07840877498030507
2006-2016,roles,public,SPY,buy,Other,252,70,1734.7602527508166,971.0047808003693,1.786562009839856,0.7857142857142857,1345.5825681545407,1.845536823752318
2006-2016,roles,insider,SPY,buy,Other,252,70,1960.836569135093,1084.1496499414843,1.808640134912119,0.7857142857142857,1482.5493402028858,1.8378681701255424
2006-2016,mixed,public,SPY,buy,alone,252,3643,722.8388276373213,447.70604312745365,1.6145389117107414,0.5347241284655504,,
2006-2016,mixed,public,SPY,buy,other side in the 30 days before,252,1687,225.57399518552842,303.4185304025663,0.7434417235039792,0.46828689982216953,-497.26483245179287,-2.032316505870119
2006-2016,mixed,public,SPY,buy,"other side the same day, this side bigger",252,198,209.29398111820583,252.42318483227587,0.82913929343405,0.5050505050505051,,
2006-2016,mixed,public,SPY,buy,"other side the same day, other side bigger",252,427,-3.580386555802334,104.51739835319844,-0.034256368912887,0.4847775175644028,,
2006-2016,several insiders,public,SPY,buy,1 insider,252,4600,539.5981590170902,361.33685622731804,1.493338278998109,0.5132608695652174,,
2006-2016,several insiders,public,SPY,buy,2 or more insiders,252,730,728.3474623042921,655.3011398440698,1.1114698541156267,0.5164383561643836,188.74930328720188,0.5812997649144367
2006-2016,horizons,public,SPY,buy,all,504,5330,952.0374344274669,565.4787362829704,1.6835954622899547,0.5324577861163227,,
2006-2016,horizons,insider,SPY,buy,all,504,8129,761.0917027547764,549.7945774772045,1.384320133252556,0.5245417640546193,,
2006-2016,roles,public,SPY,buy,CEO,504,631,740.1433790325823,498.2046043698843,1.4856213140958334,0.5467511885895404,104.45716922318779,0.46659666270750394
2006-2016,roles,insider,SPY,buy,CEO,504,631,934.3709706027071,565.816659898677,1.6513670183731044,0.5404120443740095,187.861718903152,0.8369818716373391
2006-2016,roles,public,SPY,buy,CFO,504,381,721.5608760482351,651.183091253123,1.1080768001203447,0.5406824146981627,81.59043470259434,0.24059207000231322
2006-2016,roles,insider,SPY,buy,CFO,504,381,796.77860178416,661.4764268444274,1.2045457244564126,0.5170603674540682,37.44176590215033,0.11165513822429318
2006-2016,roles,public,SPY,buy,Other officer,504,2270,75.77686210861579,675.1244288060924,0.11224132748776632,0.49427312775330395,-788.0893601705867,-2.167427367389061
2006-2016,roles,insider,SPY,buy,Other officer,504,2270,192.07612068194499,692.965995013697,0.27717972030957805,0.4929515418502203,-789.4739147755663,-2.2203084162384292
2006-2016,roles,public,SPY,buy,Director,504,4280,834.62595545665,499.84324515529255,1.6697754016808737,0.5231308411214953,403.0316234312042,1.2186962987022574
2006-2016,roles,insider,SPY,buy,Director,504,4280,923.2271654200315,524.4108988726367,1.7605033903848266,0.5329439252336449,342.4263902327516,1.0150818546391078
2006-2016,roles,public,SPY,buy,10% owner,504,497,1126.0768407857768,474.57487651410406,2.372811744812856,0.5331991951710262,513.6888057425558,1.06031846606086
2006-2016,roles,insider,SPY,buy,10% owner,504,497,1362.6480496669005,554.6145881650741,2.456927889645278,0.5492957746478874,640.7300241153908,1.412115555218731
2006-2016,roles,public,SPY,buy,Other,504,70,2679.825016641599,2046.8832973376789,1.3092221819031742,0.7428571428571429,2053.7153352722607,1.2798013830746098
2006-2016,roles,insider,SPY,buy,Other,504,70,3272.7511333328707,2324.9617141047725,1.407658076035478,0.7571428571428571,2533.4755566657545,1.3687626641630155
2006-2016,mixed,public,SPY,buy,alone,504,3643,1257.3454952451452,653.3160158682307,1.9245594240854231,0.5492725775459786,,
2006-2016,mixed,public,SPY,buy,other side in the 30 days before,504,1687,292.7385218259243,341.50741859677174,0.8571952053889921,0.4961470065204505,-964.6069734192213,-2.57582906112349
2006-2016,mixed,public,SPY,buy,"other side the same day, this side bigger",504,198,654.1584492413159,442.1843653397585,1.4793794184438978,0.5303030303030303,,
2006-2016,mixed,public,SPY,buy,"other side the same day, other side bigger",504,427,54.99169136080794,188.87386077722644,0.2911556481903535,0.4894613583138173,,
2006-2016,several insiders,public,SPY,buy,1 insider,504,4600,938.5493397030599,534.3211664329084,1.7565265961083878,0.5289130434782608,,
2006-2016,several insiders,public,SPY,buy,2 or more insiders,504,730,1037.0309080333154,785.3862179569302,1.3204088438564698,0.5547945205479452,98.48156833025526,0.3117519790754268
2006-2016,horizons,public,equal-weighted,buy,all,1,5330,11.1576399435736,3.5379702484717193,3.153683937391309,0.49831144465290805,,
2006-2016,horizons,insider,equal-weighted,buy,all,1,8129,31.349330346724102,7.042332985790282,4.451554677970985,0.5311846475581252,,
2006-2016,roles,public,equal-weighted,buy,CEO,1,631,8.746143831736791,12.264579674961347,0.713122183028613,0.5182250396196514,2.3388641817423785,0.19916281441526218
2006-2016,roles,insider,equal-weighted,buy,CEO,1,631,45.667071996139136,11.846772158974497,3.8548113683054286,0.5625990491283677,15.522662292357268,1.5424231458447197
2006-2016,roles,public,equal-weighted,buy,CFO,1,381,1.4348319622528105,12.91316454750646,0.11111389132959491,0.49868766404199477,-5.407440701126883,-0.43300229878226826
2006-2016,roles,insider,equal-weighted,buy,CFO,1,381,14.82802960064411,15.165787043376135,0.9777289868461165,0.5065616797900262,-17.33371886485337,-1.091222743363326
2006-2016,roles,public,equal-weighted,buy,Other officer,1,2270,2.7910684918461173,8.32712507323485,0.33517792362903315,0.48325991189427314,-5.269159208613585,-0.7070067149316984
2006-2016,roles,insider,equal-weighted,buy,Other officer,1,2270,22.333750592614024,11.85552661524014,1.8838261105925274,0.4973568281938326,-12.50855910926109,-1.3082496331253735
2006-2016,roles,public,equal-weighted,buy,Director,1,4280,7.5969056330145825,4.962964313815921,1.5307193750852255,0.49182242990654207,2.1290325584025704,0.31618604493049096
2006-2016,roles,insider,equal-weighted,buy,Director,1,4280,29.459286414207046,6.170881874154161,4.773918382329271,0.5369158878504673,-3.9917295732478784,-0.34729312306189736
2006-2016,roles,public,equal-weighted,buy,10% owner,1,497,15.265559300670331,10.669787889380164,1.4307275326311242,0.5412474849094567,9.241762576213988,0.7614991425842257
2006-2016,roles,insider,equal-weighted,buy,10% owner,1,497,75.4315289008547,24.449020061128742,3.0852577613440855,0.6016096579476862,46.95285535200835,2.212713282661865
2006-2016,roles,public,equal-weighted,buy,Other,1,70,15.10924685447986,19.219027882117413,0.7861608270280127,0.5142857142857142,8.594424631664301,0.4449881113298634
2006-2016,roles,insider,equal-weighted,buy,Other,1,70,87.14964456208882,36.51012582231915,2.386999294009911,0.6285714285714286,56.2849924626752,1.7089217656968287
2006-2016,mixed,public,equal-weighted,buy,alone,1,3643,16.938981097872194,5.308309923503196,3.191030919817392,0.5059017293439473,,
2006-2016,mixed,public,equal-weighted,buy,other side in the 30 days before,1,1687,-1.3269041139900046,4.312833332011087,-0.30766412978246604,0.4819205690574985,-18.26588521186222,-2.3326974375518463
2006-2016,mixed,public,equal-weighted,buy,"other side the same day, this side bigger",1,198,-18.489074458588394,15.743856259218191,-1.1743675853088946,0.4595959595959596,,
2006-2016,mixed,public,equal-weighted,buy,"other side the same day, other side bigger",1,427,-6.291188048596486,8.00150415547511,-0.7862506756672338,0.47306791569086654,,
2006-2016,several insiders,public,equal-weighted,buy,1 insider,1,4600,9.808820544115266,3.352420173786393,2.9258923510881654,0.4965217391304348,,
2006-2016,several insiders,public,equal-weighted,buy,2 or more insiders,1,730,19.65704985796857,13.350944724270027,1.472334000622067,0.5095890410958904,9.848229313853313,0.7259672903326163
2006-2016,horizons,public,equal-weighted,buy,all,5,5330,24.3839189112709,9.279564766356543,2.627700708515537,0.5048780487804878,,
2006-2016,horizons,insider,equal-weighted,buy,all,5,8129,79.72793865416564,16.148808374427613,4.937078749440022,0.5379505474228072,,
2006-2016,roles,public,equal-weighted,buy,CEO,5,631,30.578135714250056,23.07002498272255,1.325448747331242,0.5293185419968305,5.006466823694047,0.21676155482527604
2006-2016,roles,insider,equal-weighted,buy,CEO,5,631,135.02683623061608,24.68710607483287,5.469528741899336,0.6085578446909667,59.952619151635815,2.7335367289991184
2006-2016,roles,public,equal-weighted,buy,CFO,5,381,43.21703911161919,28.29516498427646,1.5273648036911878,0.5223097112860893,18.105334791077915,0.6517837337549541
2006-2016,roles,insider,equal-weighted,buy,CFO,5,381,72.153513348708,31.942211792821183,2.2588765554714674,0.5301837270341208,-7.946889946833373,-0.2684605152631958
2006-2016,roles,public,equal-weighted,buy,Other officer,5,2270,40.08501874971179,24.506613661848746,1.6356816695615148,0.48546255506607927,19.597190721851277,0.9172343586778936
2006-2016,roles,insider,equal-weighted,buy,Other officer,5,2270,85.60356760249454,25.2153592617652,3.394897796768566,0.5198237885462555,8.152071636963022,0.43952490164590996
2006-2016,roles,public,equal-weighted,buy,Director,5,4280,14.381188980185764,8.240953863183446,1.745087913237069,0.4899532710280374,-24.45479131128884,-1.5453282685611964
2006-2016,roles,insider,equal-weighted,buy,Director,5,4280,60.44171877433548,14.669864047608238,4.120128078773153,0.5308411214953271,-40.73205544378773,-2.126529590379785
2006-2016,roles,public,equal-weighted,buy,10% owner,5,497,27.410099132449744,34.77772815947485,0.788150939784206,0.5171026156941649,1.544224170676543,0.04175152168476332
2006-2016,roles,insider,equal-weighted,buy,10% owner,5,497,134.1414194736861,46.859282239927275,2.862643494769294,0.5774647887323944,57.95691634982737,1.286182848602
2006-2016,roles,public,equal-weighted,buy,Other,5,70,130.04829677133736,85.17781744411592,1.5267859716722654,0.6,104.99211161150524,1.2796974561517376
2006-2016,roles,insider,equal-weighted,buy,Other,5,70,224.81501117278935,128.15512020330596,1.754241350764149,0.6857142857142857,146.34729029704596,1.1838663148131743
2006-2016,mixed,public,equal-weighted,buy,alone,5,3643,38.55569751620017,16.845941035755846,2.288723285589385,0.5042547351084271,,
2006-2016,mixed,public,equal-weighted,buy,other side in the 30 days before,5,1687,-6.219394341697289,13.353021184208025,-0.46576682953612536,0.5062240663900415,-44.77509185789744,-1.6083956275355804
2006-2016,mixed,public,equal-weighted,buy,"other side the same day, this side bigger",5,198,61.18712567032749,47.03959548521671,1.3007579048922089,0.5151515151515151,,
2006-2016,mixed,public,equal-weighted,buy,"other side the same day, other side bigger",5,427,-26.93674499995657,18.498063385816664,-1.4561927072111904,0.4707259953161593,,
2006-2016,several insiders,public,equal-weighted,buy,1 insider,5,4600,21.84469239056927,9.77660462025762,2.2343843531634655,0.5065217391304347,,
2006-2016,several insiders,public,equal-weighted,buy,2 or more insiders,5,730,40.38452438418536,20.4030856048008,1.9793341637836865,0.4945205479452055,18.53983199361613,0.8662940415165497
2006-2016,horizons,public,equal-weighted,buy,all,21,5330,17.201264052679125,20.710042040261857,0.8305760084522568,0.4926829268292683,,
2006-2016,horizons,insider,equal-weighted,buy,all,21,8128,83.23974538385141,29.79343102733667,2.793895919791031,0.5201771653543307,,
2006-2016,roles,public,equal-weighted,buy,CEO,21,631,52.053973941374075,45.714402929429426,1.1386777603052416,0.508716323296355,31.147811650893644,0.7791660738583411
2006-2016,roles,insider,equal-weighted,buy,CEO,21,631,109.62191811298547,49.65838524953222,2.2075207955743608,0.5562599049128367,28.602681064746044,0.71814022303814
2006-2016,roles,public,equal-weighted,buy,CFO,21,381,-12.030309370971086,37.97114274036831,-0.3168276881533325,0.47244094488188976,-37.09277843155052,-1.2044091108861457
2006-2016,roles,insider,equal-weighted,buy,CFO,21,381,60.040475101612756,41.69046958072542,1.440148688787401,0.49868766404199477,-24.34021800103728,-0.5723926028023375
2006-2016,roles,public,equal-weighted,buy,Other officer,21,2270,83.15930315398307,51.94785168436945,1.6008227570073856,0.5092511013215859,83.01783801462707,1.816572683296144
2006-2016,roles,insider,equal-weighted,buy,Other officer,21,2270,147.49192166061917,58.31570267958955,2.5291973668053087,0.5348017621145374,89.15016879098118,1.981825907031464
2006-2016,roles,public,equal-weighted,buy,Director,21,4280,5.3880151707542465,23.272191760089957,0.23152160425191598,0.48574766355140186,-37.88030321848986,-0.8412446275281483
2006-2016,roles,insider,equal-weighted,buy,Director,21,4279,53.518627008087925,22.731112688180442,2.3544217893000967,0.5015190465061931,-62.762600716603224,-1.3109967516299004
2006-2016,roles,public,equal-weighted,buy,10% owner,21,497,-119.03518099461384,124.55056637864847,-0.9557177012967792,0.49295774647887325,-151.62964474793586,-1.1490914738517266
2006-2016,roles,insider,equal-weighted,buy,10% owner,21,497,1.5423953506666532,123.51206223927034,0.012487811495517663,0.5533199195171026,-87.01822317779163,-0.7098681189149614
2006-2016,roles,public,equal-weighted,buy,Other,21,70,123.801636975929,76.73761681528973,1.6133109433659387,0.6285714285714286,101.35042121433136,1.2746083870171252
2006-2016,roles,insider,equal-weighted,buy,Other,21,70,284.9480215777258,91.84265092287035,3.1025674750724015,0.7428571428571429,203.4605198441066,2.258460967969768
2006-2016,mixed,public,equal-weighted,buy,alone,21,3643,46.47026809885414,35.59436553669834,1.305551240994662,0.49025528410650565,,
2006-2016,mixed,public,equal-weighted,buy,other side in the 30 days before,21,1687,-46.00382293025838,37.299856698730785,-1.233351197615292,0.4979253112033195,-92.47409102911257,-1.448232076011309
2006-2016,mixed,public,equal-weighted,buy,"other side the same day, this side bigger",21,198,153.49746758663593,92.96495956803476,1.6511325159486738,0.5606060606060606,,
2006-2016,mixed,public,equal-weighted,buy,"other side the same day, other side bigger",21,427,-16.14249736833233,34.91015396183251,-0.46240120814078967,0.4894613583138173,,
2006-2016,several insiders,public,equal-weighted,buy,1 insider,21,4600,13.940431014089107,19.6823993059778,0.7082688851788115,0.49326086956521736,,
2006-2016,several insiders,public,equal-weighted,buy,2 or more insiders,21,730,37.74897909036954,51.019538299828255,0.7398926048395191,0.48904109589041095,23.808548076280424,0.5046181695764158
2006-2016,horizons,public,equal-weighted,buy,all,63,5330,62.47656645787786,62.25209916195889,1.003605778743862,0.49774859287054407,,
2006-2016,horizons,insider,equal-weighted,buy,all,63,8127,136.82492919780998,81.07465771382368,1.68764115762009,0.5099052540913006,,
2006-2016,roles,public,equal-weighted,buy,CEO,63,631,174.59698787361853,95.66051593334518,1.8251729689109675,0.49920760697305866,116.76542787564054,1.357977731599286
2006-2016,roles,insider,equal-weighted,buy,CEO,63,631,262.6737957352939,97.49525244091608,2.694221402159854,0.5134706814580031,136.44260116730658,1.7456533595378985
2006-2016,roles,public,equal-weighted,buy,CFO,63,381,116.54005266618952,105.4347266250465,1.1053289214723008,0.4881889763779528,52.086003086004695,0.7319480110030306
2006-2016,roles,insider,equal-weighted,buy,CFO,63,381,162.0550604229572,119.12805732084944,1.3603433487250767,0.5091863517060368,26.471117540249587,0.34204102525279073
2006-2016,roles,public,equal-weighted,buy,Other officer,63,2270,69.37525419696675,111.10221588862146,0.6244272775487624,0.4814977973568282,3.4408098914579055,0.04465883650280771
2006-2016,roles,insider,equal-weighted,buy,Other officer,63,2269,139.97837017356744,112.3238504014281,1.2462034525464214,0.5085940943146761,4.374874498119055,0.05776316908359019
2006-2016,roles,public,equal-weighted,buy,Director,63,4280,89.24194872911251,89.36130948530784,0.9986642904308048,0.4981308411214953,47.19565211895673,0.5970680718175975
2006-2016,roles,insider,equal-weighted,buy,Director,63,4279,149.52228065599047,96.19884520956619,1.5543043196647615,0.519280205655527,26.816885473137344,0.32383042950671087
2006-2016,roles,public,equal-weighted,buy,10% owner,63,497,-388.8091284514672,171.9707329282516,-2.2609028980162766,0.3843058350100604,-485.3801285895007,-2.061986106503185
2006-2016,roles,insider,equal-weighted,buy,10% owner,63,497,-241.6925175050863,155.13453034470345,-1.5579543572153411,0.41851106639839036,-403.17317029547,-1.844187284466356
2006-2016,roles,public,equal-weighted,buy,Other,63,70,614.5720864526037,420.4539912778093,1.4616868889384227,0.5571428571428572,552.4338943491908,1.3779387588903336
2006-2016,roles,insider,equal-weighted,buy,Other,63,70,674.1496687100636,454.27100292608077,1.4840253160947665,0.6,541.9930691344276,1.2769702696173726
2006-2016,mixed,public,equal-weighted,buy,alone,63,3643,110.71175121217176,76.72751481008615,1.4429211148856114,0.5048037331869338,,
2006-2016,mixed,public,equal-weighted,buy,other side in the 30 days before,63,1687,-41.685127709219046,98.37419238143269,-0.42374048213367355,0.4825133372851215,-152.396878921391,-1.2364771392190832
2006-2016,mixed,public,equal-weighted,buy,"other side the same day, this side bigger",63,198,158.1009148656507,153.24262348159624,1.031703264233387,0.5,,
2006-2016,mixed,public,equal-weighted,buy,"other side the same day, other side bigger",63,427,20.075192569025457,51.005690832232865,0.39358730842518086,0.4894613583138173,,
2006-2016,several insiders,public,equal-weighted,buy,1 insider,63,4600,39.63816179880811,48.66032348181254,0.8145889497348577,0.49956521739130433,,
2006-2016,several insiders,public,equal-weighted,buy,2 or more insiders,63,730,206.3898012958517,218.56264053184933,0.94430503215748,0.4863013698630137,166.75163949704356,0.8354124590293068
2006-2016,horizons,public,equal-weighted,buy,all,126,5330,59.77788858683711,98.32958242592848,0.6079339209221974,0.47560975609756095,,
2006-2016,horizons,insider,equal-weighted,buy,all,126,8129,104.58072428438497,121.15209760873557,0.8632184365650163,0.4749661705006766,,
2006-2016,roles,public,equal-weighted,buy,CEO,126,631,27.404000228010993,130.54607306283808,0.2099182272209761,0.4611727416798732,5.664991262403689,0.03904833204240786
2006-2016,roles,insider,equal-weighted,buy,CEO,126,631,158.38524063626988,148.537313710674,1.066299347144368,0.47385103011093505,58.33247711716069,0.40674975192198193
2006-2016,roles,public,equal-weighted,buy,CFO,126,381,-33.752027435868285,208.484872609622,-0.16189197332828723,0.4409448818897638,-58.68111053099779,-0.41784720855032687
2006-2016,roles,insider,equal-weighted,buy,CFO,126,381,40.118474039665415,214.79725683746292,0.1867736796565473,0.44881889763779526,-67.63211567363491,-0.5035942354590804
2006-2016,roles,public,equal-weighted,buy,Other officer,126,2270,-38.72515269922492,129.97427972266564,-0.297944737850098,0.45991189427312773,-84.50038908687445,-0.8696980453650714
2006-2016,roles,insider,equal-weighted,buy,Other officer,126,2270,42.92270385338612,139.42085379679173,0.3078643021075361,0.4594713656387665,-85.5466885276651,-0.8270587088674982
2006-2016,roles,public,equal-weighted,buy,Director,126,4280,85.21295037084516,121.62876306048696,0.7005986760587878,0.4794392523364486,133.12680181777154,1.2853753868180207
2006-2016,roles,insider,equal-weighted,buy,Director,126,4280,152.38932751438819,128.72200413775548,1.183863850902325,0.4911214953271028,100.97067696978345,0.9916045874019712
2006-2016,roles,public,equal-weighted,buy,10% owner,126,497,-401.5564003699234,259.4530188338363,-1.5477037121202106,0.3682092555331992,-451.32900838248213,-1.5938048780379204
2006-2016,roles,insider,equal-weighted,buy,10% owner,126,497,-250.41971964913083,292.67066346840875,-0.8556365598158472,0.3903420523138833,-378.118266343757,-1.2719125773385216
2006-2016,roles,public,equal-weighted,buy,Other,126,70,1408.9544528723386,793.9515624353645,1.7746100889965077,0.7714285714285715,1398.821160693789,1.888359699777331
2006-2016,roles,insider,equal-weighted,buy,Other,126,70,1567.2603344859551,902.3610897705116,1.7368438779696724,0.7428571428571429,1475.3843592664803,1.7656767878716637
2006-2016,mixed,public,equal-weighted,buy,alone,126,3643,112.24232459601437,128.98090797405706,0.8702243328802628,0.47762832830085095,,
2006-2016,mixed,public,equal-weighted,buy,other side in the 30 days before,126,1687,-53.51668188229934,101.81390112944906,-0.5256323673744385,0.4712507409602845,-165.7590064783139,-1.0643908418488375
2006-2016,mixed,public,equal-weighted,buy,"other side the same day, this side bigger",126,198,135.30442291245086,197.08592786105388,0.6865250319030431,0.5151515151515151,,
2006-2016,mixed,public,equal-weighted,buy,"other side the same day, other side bigger",126,427,-4.186064125251095,87.89484097827487,-0.04762582284306961,0.4894613583138173,,
2006-2016,several insiders,public,equal-weighted,buy,1 insider,126,4600,48.50157203431287,72.28253374432501,0.670999887827269,0.48,,
2006-2016,several insiders,public,equal-weighted,buy,2 or more insiders,126,730,130.83412987671548,311.9084147957354,0.41946329008916605,0.44794520547945205,82.33255784240271,0.31344792008626615
2006-2016,horizons,public,equal-weighted,buy,all,252,5330,105.47318216881236,164.73759356773587,0.6402496229583716,0.46022514071294557,,
2006-2016,horizons,insider,equal-weighted,buy,all,252,8129,61.37077232892304,186.79143891621894,0.3285523827269702,0.4615573871324886,,
2006-2016,roles,public,equal-weighted,buy,CEO,252,631,-53.99685450885606,240.2032903028008,-0.2247964815169164,0.4532488114104596,-28.28338123249733,-0.15411294497110917
2006-2016,roles,insider,equal-weighted,buy,CEO,252,631,76.66613010514622,265.6928256246854,0.28855175116186205,0.45800316957210774,16.58255046184548,0.08776825299114634
2006-2016,roles,public,equal-weighted,buy,CFO,252,381,-55.4511555152088,356.13951851189853,-0.15570065278604062,0.44881889763779526,-28.896593361113215,-0.11938091857729694
2006-2016,roles,insider,equal-weighted,buy,CFO,252,381,18.553137474223888,375.3590179122428,0.04942771210724322,0.44881889763779526,-44.92314839104854,-0.1913897773346007
2006-2016,roles,public,equal-weighted,buy,Other officer,252,2270,-390.3608953167876,244.65828119491857,-1.5955351824195485,0.4370044052863436,-502.87968598889574,-2.8974367139266546
2006-2016,roles,insider,equal-weighted,buy,Other officer,252,2270,-282.3513978244894,257.3452368613633,-1.09716970583216,0.43876651982378856,-476.8932447818891,-2.659936979010026
2006-2016,roles,public,equal-weighted,buy,Director,252,4280,175.22198052785623,190.5426871975189,0.9195943602192351,0.4586448598130841,429.0078247680361,2.4635457781698635
2006-2016,roles,insider,equal-weighted,buy,Director,252,4280,237.8010372348367,195.26854264321443,1.217815394204768,0.4696261682242991,372.6166857417953,2.1574514299772694
2006-2016,roles,public,equal-weighted,buy,10% owner,252,497,-239.40352683166864,393.11496689178904,-0.6089911272637151,0.4346076458752515,-225.267247352386,-0.4326024749949979
2006-2016,roles,insider,equal-weighted,buy,10% owner,252,497,-61.45798689576002,360.3083974863888,-0.17057050938725815,0.4647887323943662,-130.8274349760818,-0.27136820100561404
2006-2016,roles,public,equal-weighted,buy,Other,252,70,1192.571088148269,643.121938490773,1.854346768121298,0.7142857142857143,1231.0810290828279,2.004363467011335
2006-2016,roles,insider,equal-weighted,buy,Other,252,70,1387.5969710210272,725.3045032957557,1.9131233360827626,0.7857142857142857,1337.7457214503172,2.012770568523106
2006-2016,mixed,public,equal-weighted,buy,alone,252,3643,196.98583298447016,182.29945665719583,1.0805618217222186,0.47323634367279716,,
2006-2016,mixed,public,equal-weighted,buy,other side in the 30 days before,252,1687,-92.14423746452566,195.0461360444875,-0.47242277818571476,0.4321280379371666,-289.1300704489958,-1.4733347305477853
2006-2016,mixed,public,equal-weighted,buy,"other side the same day, this side bigger",252,198,-38.90240588522063,167.85025553185915,-0.231768523449383,0.4797979797979798,,
2006-2016,mixed,public,equal-weighted,buy,"other side the same day, other side bigger",252,427,-289.4998041223131,155.22887024022066,-1.8649868653576152,0.44730679156908665,,
2006-2016,several insiders,public,equal-weighted,buy,1 insider,252,4600,89.89529642829284,141.31607155896566,0.6361293194509943,0.45956521739130435,,
2006-2016,several insiders,public,equal-weighted,buy,2 or more insiders,252,730,203.63520190359338,366.67308504129187,0.555359011094751,0.4643835616438356,113.73990547530076,0.42631111387665377
2006-2016,horizons,public,equal-weighted,buy,all,504,5330,34.60290615097301,234.3990900626271,0.1476238928305044,0.4570356472795497,,
2006-2016,horizons,insider,equal-weighted,buy,all,504,8129,-130.11857248299827,266.9440857012041,-0.48743755510149284,0.45454545454545453,,
2006-2016,roles,public,equal-weighted,buy,CEO,504,631,-233.06437539315306,359.48096448116604,-0.6483357908242282,0.4500792393026941,11.93506654761729,0.045700037114911926
2006-2016,roles,insider,equal-weighted,buy,CEO,504,631,-60.51358052514031,366.93041655317415,-0.16491840903674693,0.45800316957210774,75.46265399112158,0.2980603133576048
2006-2016,roles,public,equal-weighted,buy,CFO,504,381,-208.40597934951325,434.76281973930793,-0.4793555701807193,0.46194225721784776,37.42091254682149,0.11606244470027509
2006-2016,roles,insider,equal-weighted,buy,CFO,504,381,-120.41244041224394,435.2963519080523,-0.27662175408646356,0.45144356955380577,10.183421218787403,0.03182521566266287
2006-2016,roles,public,equal-weighted,buy,Other officer,504,2270,-899.1878454613235,440.8454894389195,-2.0396893401489793,0.43612334801762115,-908.9313123758533,-2.623334365486
2006-2016,roles,insider,equal-weighted,buy,Other officer,504,2270,-773.4144576849071,444.8649946874448,-1.7385374595011596,0.4303964757709251,-892.5332395982792,-2.5978975290107824
2006-2016,roles,public,equal-weighted,buy,Director,504,4280,45.94239192177719,255.59073464753487,0.17974983320554533,0.4530373831775701,612.5058821712407,1.9462007696713741
2006-2016,roles,insider,equal-weighted,buy,Director,504,4280,123.6810405364526,260.3584941913286,0.475041311483249,0.4572429906542056,536.0189800558891,1.6835270911716964
2006-2016,roles,public,equal-weighted,buy,10% owner,504,497,-84.23349631312179,382.2373676270574,-0.22036960131879887,0.5030181086519114,170.24834185214965,0.3114247408775982
2006-2016,roles,insider,equal-weighted,buy,10% owner,504,497,171.87082558507024,324.54564873932816,0.529573655517148,0.5030181086519114,321.6551122766417,0.6632203587493012
2006-2016,roles,public,equal-weighted,buy,Other,504,70,1839.7697414270003,1410.8179574570918,1.304044743478504,0.7285714285714285,2101.9428793404954,1.5134184394098915
2006-2016,roles,insider,equal-weighted,buy,Other,504,70,2388.6214075296866,1647.1941599319873,1.450115272159727,0.7142857142857143,2540.617607336284,1.5928590199825956
2006-2016,mixed,public,equal-weighted,buy,alone,504,3643,225.02909093492912,273.9590605695384,0.8213967826693234,0.46664836673071647,,
2006-2016,mixed,public,equal-weighted,buy,other side in the 30 days before,504,1687,-376.6138046776882,233.65606947518512,-1.6118297526942078,0.43627741553052757,-601.6428956126181,-2.237135046435808
2006-2016,mixed,public,equal-weighted,buy,"other side the same day, this side bigger",504,198,74.44283981119848,416.859630202539,0.17858011286683972,0.51010101010101,,
2006-2016,mixed,public,equal-weighted,buy,"other side the same day, other side bigger",504,427,-539.220966262955,288.08840400365995,-1.8717204815231112,0.4309133489461358,,
2006-2016,several insiders,public,equal-weighted,buy,1 insider,504,4600,52.35583072664779,226.2944151803772,0.23136156800385654,0.4543478260869565,,
2006-2016,several insiders,public,equal-weighted,buy,2 or more insiders,504,730,-77.26483775053852,359.4148256702532,-0.21497398613552327,0.473972602739726,-129.6206684771865,-0.5227392699604783
2006-2016,timing,insider,SPY,buy,20 days before the trade,0,8107,-298.50127719321915,55.80398492212811,-5.349103251492952,0.3876896509189589,,
2006-2016,timing,insider,SPY,buy,from trade to public,0,8129,75.4583653834094,13.475763000114588,5.599561626511816,0.5610776233239021,,
2006-2016,timing,insider,SPY,buy,from trade to the close on the filing day,0,8129,40.8773711208418,9.695678235634578,4.21604039731898,0.4266207405584943,,
2006-2016,timing,insider,SPY,buy,the day after the filing,0,8129,34.30728787238006,4.975733032285048,6.894921341192783,0.5700578176897527,,
2006-2016,horizons,public,SPY,sell,all,1,58509,-0.45175377701719316,0.6235417582715423,-0.7244964287066428,0.490830470525902,,
2006-2016,horizons,insider,SPY,sell,all,1,80983,-1.1314304612014079,0.9917790875863609,-1.1408089516738138,0.4837064569107097,,
2006-2016,roles,public,SPY,sell,CEO,1,8174,-1.7477488645219592,1.7429265126061846,-1.0027668131047958,0.48079275752385614,-0.5292537993481873,-0.2993502432246685
2006-2016,roles,insider,SPY,sell,CEO,1,8174,1.9914762917816933,1.8131358253143055,1.098360235332327,0.48642035723024224,3.4735040664867025,2.17163345313754
2006-2016,roles,public,SPY,sell,CFO,1,4879,-2.7172660763876366,2.312697509123081,-1.1749336286603076,0.49477351916376305,-1.5380128604141523,-0.697492657870633
2006-2016,roles,insider,SPY,sell,CFO,1,4880,-4.558456154975122,1.8248551261908543,-2.4979824916240343,0.4745901639344262,-3.646778993717423,-2.1396778966891663
2006-2016,roles,public,SPY,sell,Other officer,1,48292,-0.9805059072826818,0.8110821319287457,-1.2088860901805938,0.4868094094259919,0.7219162577946854,0.5935631773915092
2006-2016,roles,insider,SPY,sell,Other officer,1,48293,-1.4058314418955558,1.1383506930366816,-1.2349721843146055,0.4852463089888804,-0.6797740782977711,-0.6231574360287945
2006-2016,roles,public,SPY,sell,Director,1,16745,-1.5970930160150056,1.637549511827178,-0.9752944900169578,0.4924455061212302,-0.40994333553150814,-0.2640431812404038
2006-2016,roles,insider,SPY,sell,Director,1,16745,-0.12992868332204446,1.4741400176091732,-0.08813863118156759,0.4811585547924754,1.2625645019770901,0.7914350142438266
2006-2016,roles,public,SPY,sell,10% owner,1,1907,2.9136360513430706,3.981357820422246,0.7318196913619943,0.4908232826428946,4.286494049909241,1.0572480014573857
2006-2016,roles,insider,SPY,sell,10% owner,1,1907,-7.012625279210488,3.388539736962923,-2.0695124813545074,0.47299423177766126,-6.023025949046855,-1.7153524810920082
2006-2016,roles,public,SPY,sell,Other,1,984,-7.032336530138452,6.9724158719328795,-1.008593959297061,0.4806910569105691,-5.831275861825214,-0.8627959776419798
2006-2016,roles,insider,SPY,sell,Other,1,984,-2.255227824262631,6.044198082246368,-0.373122752360965,0.4949186991869919,-1.1376202434128835,-0.1962999876791414
2006-2016,mixed,public,SPY,sell,alone,1,54860,-0.7294891806565146,0.6579268633733595,-1.1087694108069046,0.49035727305869486,,
2006-2016,mixed,public,SPY,sell,other side in the 30 days before,1,3649,3.723791370599468,2.6510147765101153,1.404666395523299,0.497944642367772,4.453280551255986,1.5965844061202779
2006-2016,mixed,public,SPY,sell,"other side the same day, this side bigger",1,427,-1.511880369888652,8.375889893055199,-0.18050384964375135,0.5011709601873536,,
2006-2016,mixed,public,SPY,sell,"other side the same day, other side bigger",1,198,-18.961577996826847,16.206552000955725,-1.169994579705088,0.4797979797979798,,
2006-2016,several insiders,public,SPY,sell,1 insider,1,45604,-0.1760547582682967,0.660837480816981,-0.2664115813325895,0.4934654854837295,,
2006-2016,several insiders,public,SPY,sell,2 or more insiders,1,12905,-1.4260256135940739,1.293820837472504,-1.1021816717528168,0.48151879116621465,-1.2499708553257762,-0.9165509938650049
2006-2016,horizons,public,SPY,sell,all,5,58510,0.42343551704768106,2.2699005141841178,0.18654364559227332,0.4963425055546061,,
2006-2016,horizons,insider,SPY,sell,all,5,80981,-6.1857480963068605,2.719204237972955,-2.274837619743509,0.48591644953754587,,
2006-2016,roles,public,SPY,sell,CEO,5,8173,0.028706752858840764,5.070307101888695,0.005661738486835929,0.4955340756148293,0.9026035263379706,0.19287878463941618
2006-2016,roles,insider,SPY,sell,CEO,5,8173,-5.296784697886117,5.408681317818193,-0.9793116633506493,0.4797503976508014,0.9887532272210469,0.20365777357522752
2006-2016,roles,public,SPY,sell,CFO,5,4880,-4.249573869725636,5.877219708889011,-0.7230585345139234,0.4891393442622951,-3.6890759931275783,-0.6953465820100505
2006-2016,roles,insider,SPY,sell,CFO,5,4879,-11.761992534214246,5.487982632609174,-2.14322699644226,0.47735191637630664,-5.933744853304486,-1.2420674698049883
2006-2016,roles,public,SPY,sell,Other officer,5,48293,-0.9077368948659169,2.872434413755585,-0.3160165783138247,0.49214171826144576,-0.30950531771863965,-0.09843668794240529
2006-2016,roles,insider,SPY,sell,Other officer,5,48294,-5.815071792743915,3.084720736248204,-1.8851209849927952,0.48411810991013376,0.91833871994466,0.2944469273336321
2006-2016,roles,public,SPY,sell,Director,5,16745,-0.19585150845897767,4.1438570145131015,-0.04726309517269625,0.4978202448492087,0.7399549018649988,0.17324145206956743
2006-2016,roles,insider,SPY,sell,Director,5,16744,-6.78074239141116,3.970678242900161,-1.7077038169827996,0.49366937410415673,-0.7500853559761691,-0.1813705003841958
2006-2016,roles,public,SPY,sell,10% owner,5,1907,5.913638928782622,11.222412103198678,0.5269490083238952,0.5023597273203986,6.857935347705362,0.5935321371920659
2006-2016,roles,insider,SPY,sell,10% owner,5,1907,-2.594945211887643,12.43343981882389,-0.20870694270454157,0.4908232826428946,3.6774010216146205,0.288756617344445
2006-2016,roles,public,SPY,sell,Other,5,984,-7.16470300839877,13.391800278092088,-0.5350067100477632,0.4969512195121951,-6.460399624203381,-0.480823429631423
2006-2016,roles,insider,SPY,sell,Other,5,984,-0.9474546718887097,13.492129532086732,-0.07022276725371562,0.5264227642276422,5.30272684979194,0.38944420191038426
2006-2016,mixed,public,SPY,sell,alone,5,54862,0.3368933301800478,2.423772609918403,0.13899543579353735,0.49640917210455326,,
2006-2016,mixed,public,SPY,sell,other side in the 30 days before,5,3648,1.7249370126431258,5.603563502496506,0.3078285829855644,0.49533991228070173,1.3880436824630673,0.2206665820082668
2006-2016,mixed,public,SPY,sell,"other side the same day, this side bigger",5,427,-13.613182203916262,18.108616814554,-0.7517516298083722,0.4449648711943794,,
2006-2016,mixed,public,SPY,sell,"other side the same day, other side bigger",5,198,64.28006722915833,46.600894920894746,1.379374094387545,0.5252525252525253,,
2006-2016,several insiders,public,SPY,sell,1 insider,5,45605,1.0629261136284835,2.3160684367171083,0.4589355378181825,0.49784014910645763,,
2006-2016,several insiders,public,SPY,sell,2 or more insiders,5,12905,-1.8364613180602196,4.060797896366671,-0.4522414966042418,0.4910499806276637,-2.8993874316886985,-0.7377781636530178
2006-2016,horizons,public,SPY,sell,all,21,58513,8.498139348529843,7.061271139674921,1.2034857719570689,0.5083485721121802,,
2006-2016,horizons,insider,SPY,sell,all,21,80983,4.9527427019792345,7.499449251077389,0.6604141899177078,0.5085264808663547,,
2006-2016,roles,public,SPY,sell,CEO,21,8174,25.31370566271678,14.416658029572345,1.7558650285518138,0.5223880597014925,14.527758883445847,1.1853795194014434
2006-2016,roles,insider,SPY,sell,CEO,21,8173,17.125038413609392,13.98196069766808,1.224795204614294,0.520371956441943,13.53864886162539,1.133463777773525
2006-2016,roles,public,SPY,sell,CFO,21,4880,8.599710402903407,13.331440747580624,0.64506984396747,0.5061475409836066,-3.8867650489903576,-0.345821792701306
2006-2016,roles,insider,SPY,sell,CFO,21,4880,-4.143895800748709,11.759725570186125,-0.3523803150011027,0.4971311475409836,-9.679947910941971,-1.0392106285041105
2006-2016,roles,public,SPY,sell,Other officer,21,48295,11.8397631000014,7.93268372976818,1.492529325929322,0.5127652966145564,-1.0219206601079873,-0.14005125450998787
2006-2016,roles,insider,SPY,sell,Other officer,21,48294,5.859036269159018,7.917920593564968,0.7399715872271766,0.5108502091357104,2.245231483095855,0.31138276490842787
2006-2016,roles,public,SPY,sell,Director,21,16745,9.809875746795855,11.078362470406578,0.8854987163491711,0.5062406688563751,-3.079031968839991,-0.3003882223097883
2006-2016,roles,insider,SPY,sell,Director,21,16745,1.962082096129016,10.650307402246622,0.18422774310862858,0.5033144222155868,-3.770239855592753,-0.3674170087754764
2006-2016,roles,public,SPY,sell,10% owner,21,1907,7.420066106135795,28.227318664536856,0.26286825873609915,0.4845306764551652,-4.948730967236646,-0.1752521738986936
2006-2016,roles,insider,SPY,sell,10% owner,21,1907,-11.777448832576583,31.871018956086406,-0.3695347440508313,0.4824331410592554,-17.133657507245346,-0.5465943364153812
2006-2016,roles,public,SPY,sell,Other,21,984,-6.960172946887627,27.773595814710415,-0.250603954681343,0.5,-19.448749479834444,-0.6968851302654047
2006-2016,roles,insider,SPY,sell,Other,21,984,-12.199728222676836,29.361814308197346,-0.4154964027298159,0.491869918699187,-17.363448954254725,-0.5984902709159318
2006-2016,mixed,public,SPY,sell,alone,21,54864,8.199278019350846,7.399876264807702,1.1080290704785072,0.5080927384076991,,
2006-2016,mixed,public,SPY,sell,other side in the 30 days before,21,3649,12.991624677133997,15.624733400807962,0.8314781663066452,0.5121951219512195,4.79234665778315,0.2835857461783834
2006-2016,mixed,public,SPY,sell,"other side the same day, this side bigger",21,427,13.697066177728194,40.479704152711044,0.3383687322924978,0.5058548009367682,,
2006-2016,mixed,public,SPY,sell,"other side the same day, other side bigger",21,198,167.70189307997518,98.15501587641903,1.7085412455245115,0.5555555555555556,,
2006-2016,several insiders,public,SPY,sell,1 insider,21,45608,5.616440442757486,6.802485951470662,0.8256452836250607,0.50727942466234,,
2006-2016,several insiders,public,SPY,sell,2 or more insiders,21,12905,18.682449592192413,10.85821418447631,1.7205821578747449,0.5121270825261527,13.066009149434922,1.5437855676211376
2006-2016,horizons,public,SPY,sell,all,63,58513,21.426250059088108,20.994397547723047,1.0205698930099518,0.502247363833678,,
2006-2016,horizons,insider,SPY,sell,all,63,80985,25.668782234968162,22.45427620501288,1.14315785557308,0.503673519787615,,
2006-2016,roles,public,SPY,sell,CEO,63,8174,68.4062230326841,49.942219095630975,1.369707319206174,0.5211646684609739,39.09905183568628,0.9793914246451748
2006-2016,roles,insider,SPY,sell,CEO,63,8174,58.54281822719149,50.332747624605624,1.1631158835956792,0.5163934426229508,36.56458234099529,0.9085755016498444
2006-2016,roles,public,SPY,sell,CFO,63,4880,53.432521374966214,32.311407609501394,1.6536735886199525,0.5100409836065574,21.47291024844458,0.942801812962318
2006-2016,roles,insider,SPY,sell,CFO,63,4880,46.96207113045672,31.536134279969964,1.4891511658828922,0.5075819672131148,22.658655820263345,1.0188165853683335
2006-2016,roles,public,SPY,sell,Other officer,63,48295,34.13443159882088,23.003285405045638,1.4838937568167412,0.506739828139559,2.1823197900502587,0.11911586964653617
2006-2016,roles,insider,SPY,sell,Other officer,63,48295,26.246306741495285,22.841446255213352,1.1490650131449012,0.5075266590744384,1.4307379064270465,0.07708168981937139
2006-2016,roles,public,SPY,sell,Director,63,16745,23.383782104779183,28.830880950471492,0.8110672075872442,0.49991042102120037,-12.442423962301136,-0.46583045534618556
2006-2016,roles,insider,SPY,sell,Director,63,16745,17.318389981102804,29.53118773648272,0.5864440717942316,0.4950731561660197,-10.527031704222996,-0.3889868557899155
2006-2016,roles,public,SPY,sell,10% owner,63,1907,-38.27477976992745,47.16920567661323,-0.8114357496781912,0.45778710015731516,-73.25324298491796,-1.25635378131438
2006-2016,roles,insider,SPY,sell,10% owner,63,1907,-54.59569771375474,49.029388005009416,-1.1135300670727648,0.44677503932878865,-82.20009242326968,-1.365952359068376
2006-2016,roles,public,SPY,sell,Other,63,984,-95.4878685706896,68.39565128065806,-1.396110231904365,0.4349593495934959,-130.32489525494765,-1.9869232338041478
2006-2016,roles,insider,SPY,sell,Other,63,984,-83.70467762271096,72.87084101170296,-1.1486717658338552,0.44613821138211385,-110.71873659796938,-1.5998264943314515
2006-2016,mixed,public,SPY,sell,alone,63,54864,19.813582551659405,21.143408170489074,0.9371044815430573,0.501421697287839,,
2006-2016,mixed,public,SPY,sell,other side in the 30 days before,63,3649,45.67327393619634,44.30323878908897,1.0309240404212792,0.5146615511098931,25.859691384536973,0.6268618958870553
2006-2016,mixed,public,SPY,sell,"other side the same day, this side bigger",63,427,88.22939737215604,60.12579759998899,1.4674133382668373,0.522248243559719,,
2006-2016,mixed,public,SPY,sell,"other side the same day, other side bigger",63,198,212.0641550313978,174.21244605303963,1.2172732765995036,0.5404040404040404,,
2006-2016,several insiders,public,SPY,sell,1 insider,63,45608,14.448649207448655,20.838273914017,0.6933707305637093,0.500570075425364,,
2006-2016,several insiders,public,SPY,sell,2 or more insiders,63,12905,46.08602686199953,29.152613333380966,1.580854050200333,0.508175125920186,31.637377654550846,1.4033277272024345
2006-2016,horizons,public,SPY,sell,all,126,58513,47.888562648768634,40.54528760912726,1.1811129103444395,0.5026233486575633,,
2006-2016,horizons,insider,SPY,sell,all,126,80985,57.26656749980163,45.265878553379494,1.2651155645255048,0.5022535037352596,,
2006-2016,roles,public,SPY,sell,CEO,126,8174,124.60335978885433,104.2054035804442,1.195747586090038,0.5241008074382187,69.29029137993467,0.9031445667888357
2006-2016,roles,insider,SPY,sell,CEO,126,8174,119.90316590705125,104.20187859980462,1.1506814226214543,0.525813555174945,69.66838694717975,0.9080290885316679
2006-2016,roles,public,SPY,sell,CFO,126,4880,106.24163920541251,59.03309284677104,1.7996963073098358,0.5159836065573771,46.75213802265793,1.2378183125998092
2006-2016,roles,insider,SPY,sell,CFO,126,4880,94.64312987901465,57.33836505540591,1.6506074037437453,0.5139344262295082,39.773219949813566,1.098566341274077
2006-2016,roles,public,SPY,sell,Other officer,126,48295,67.4826242232457,43.84803788099244,1.5390112644583929,0.5038823894813128,12.822656343946013,0.38215880152596066
2006-2016,roles,insider,SPY,sell,Other officer,126,48295,62.22297532561572,43.5953543366836,1.4272845414920228,0.5006522414328606,12.278821895795586,0.37240047774464485
2006-2016,roles,public,SPY,sell,Director,126,16745,19.915275091456685,52.584266267978,0.37873068324211645,0.49865631531800536,-53.441300335528304,-1.3384716353175432
2006-2016,roles,insider,SPY,sell,Director,126,16745,18.06157082188398,52.8759085294078,0.3415841226035623,0.49764108689160946,-49.42429414634434,-1.2327581602012303
2006-2016,roles,public,SPY,sell,10% owner,126,1907,-11.24031160528617,89.12284041393814,-0.12612155933405678,0.4876769795490299,-75.32062422152875,-0.6865709165307929
2006-2016,roles,insider,SPY,sell,10% owner,126,1907,-36.80390839453536,86.33846240293768,-0.42627477221881943,0.4745673833245936,-96.3390259023102,-0.8949719126133695
2006-2016,roles,public,SPY,sell,Other,126,984,-63.189755525779,85.2618731244655,-0.7411255841580496,0.4563008130081301,-127.04003747567121,-1.4571437200300497
2006-2016,roles,insider,SPY,sell,Other,126,984,-42.20378700922199,96.90882260897628,-0.435499945959645,0.45934959349593496,-100.69382457610878,-1.045804266380903
2006-2016,mixed,public,SPY,sell,alone,126,54864,42.321044963104896,41.25915812706586,1.0257369971720882,0.5010024788568096,,
2006-2016,mixed,public,SPY,sell,other side in the 30 days before,126,3649,131.5981516611708,58.33875865337701,2.25575851627335,0.5269936969032611,89.27710669806599,1.7201697568989665
2006-2016,mixed,public,SPY,sell,"other side the same day, this side bigger",126,427,127.27407156851338,89.17118274505097,1.427300475899285,0.5199063231850117,,
2006-2016,mixed,public,SPY,sell,"other side the same day, other side bigger",126,198,251.78263432630575,235.6617558931576,1.0684068501995587,0.5151515151515151,,
2006-2016,several insiders,public,SPY,sell,1 insider,126,45608,41.23501033349894,37.21605210498459,1.1079899129863928,0.5025434134362392,,
2006-2016,several insiders,public,SPY,sell,2 or more insiders,126,12905,71.40310848331494,63.217996216198046,1.1294744021801129,0.5029058504455637,30.168098149815943,0.6975086196406429
2006-2016,horizons,public,SPY,sell,all,252,58513,137.14534223238408,67.57075110279088,2.0296554351416636,0.504178558610907,,
2006-2016,horizons,insider,SPY,sell,all,252,80984,156.67441962398857,73.63336809378332,2.1277638614118506,0.5055443050479107,,
2006-2016,roles,public,SPY,sell,CEO,252,8174,283.7211301147882,166.21112681954048,1.706992399027721,0.5281379985319306,136.50715935976473,1.1200421839238508
2006-2016,roles,insider,SPY,sell,CEO,252,8174,279.4036096841285,166.74859064820117,1.6755980281332747,0.5264252507952043,136.50735788806986,1.1135213973961142
2006-2016,roles,public,SPY,sell,CFO,252,4880,191.76131539184863,88.99266425151355,2.1547991287224244,0.5120901639344262,32.74235838389803,0.5480380033206885
2006-2016,roles,insider,SPY,sell,CFO,252,4880,178.7813834192565,85.30145361494313,2.095877336701535,0.5176229508196721,23.524523756911304,0.40555406673823596
2006-2016,roles,public,SPY,sell,Other officer,252,48295,177.95710893117752,74.26929972864258,2.39610592238487,0.5079614866963453,42.02886278951083,0.7783825041635443
2006-2016,roles,insider,SPY,sell,Other officer,252,48294,174.913418993736,73.9501319470953,2.3652888019033003,0.5070609185406054,45.18406622696924,0.8530684030778816
2006-2016,roles,public,SPY,sell,Director,252,16745,60.677785902850424,83.7029315967855,0.7249182883479874,0.49131083905643474,-126.46236691874158,-1.7729114565969497
2006-2016,roles,insider,SPY,sell,Director,252,16745,58.551925549588475,83.94371558203335,0.6975141038684314,0.49160943565243354,-123.6998094634291,-1.7769120925243402
2006-2016,roles,public,SPY,sell,10% owner,252,1907,57.374716796390615,207.55512941586917,0.2764312159273664,0.4714210802307289,-106.11600574681492,-0.45551829126113685
2006-2016,roles,insider,SPY,sell,10% owner,252,1907,22.91176639786622,199.00327645830933,0.11513260889785489,0.46775039328788676,-136.98843796381107,-0.6092098418098272
2006-2016,roles,public,SPY,sell,Other,252,984,64.1255282791019,146.46135517808378,0.43783241115809046,0.5142276422764228,-98.05786220821308,-0.690110284910311
2006-2016,roles,insider,SPY,sell,Other,252,984,61.39182261481555,148.30792444211593,0.4139483634859752,0.508130081300813,-96.45457295238624,-0.6837819159092673
2006-2016,mixed,public,SPY,sell,alone,252,54864,137.31348562217715,69.55618202073028,1.9741377636462671,0.5048483522892971,,
2006-2016,mixed,public,SPY,sell,other side in the 30 days before,252,3649,134.6172471549367,70.4297657058568,1.9113686636010236,0.49410797478761304,-2.6962384672404167,-0.038967131868664066
2006-2016,mixed,public,SPY,sell,"other side the same day, this side bigger",252,427,-3.580386555802334,104.51739835319844,-0.034256368912887,0.4847775175644028,,
2006-2016,mixed,public,SPY,sell,"other side the same day, other side bigger",252,198,209.29398111820583,252.42318483227587,0.82913929343405,0.5050505050505051,,
2006-2016,several insiders,public,SPY,sell,1 insider,252,45608,119.46490531865045,64.32546617617335,1.8571945517108617,0.5027626732152254,,
2006-2016,several insiders,public,SPY,sell,2 or more insiders,252,12905,199.63037646419855,92.17866161136486,2.1656896832139054,0.5091824874079814,80.16547114554807,1.4236571437696006
2006-2016,horizons,public,SPY,sell,all,504,58513,300.4836251799203,78.56740222360975,3.824533033747475,0.5081605797002375,,
2006-2016,horizons,insider,SPY,sell,all,504,80985,307.46162597342544,79.97148078847192,3.8446409012567235,0.5085139223312959,,
2006-2016,roles,public,SPY,sell,CEO,504,8174,524.4264750181553,130.79768384404258,4.00944771807625,0.5300954245167605,236.23384918310668,1.977715168664223
2006-2016,roles,insider,SPY,sell,CEO,504,8174,526.5073104773343,135.3743966176421,3.8892680125062835,0.5302177636408123,243.6364664617857,1.9677856242548177
2006-2016,roles,public,SPY,sell,CFO,504,4880,413.92333510038225,147.69234335907822,2.802605237930498,0.5184426229508197,108.42028784745162,1.220639985597187
2006-2016,roles,insider,SPY,sell,CFO,504,4880,389.6482852290583,138.67684275488432,2.809757400648167,0.5231557377049181,87.45662702604876,1.0554035178697347
2006-2016,roles,public,SPY,sell,Other officer,504,48295,326.1737290547559,83.37678694356816,3.912044838997211,0.5074024226110363,35.023681891259024,0.29604982159705223
2006-2016,roles,insider,SPY,sell,Other officer,504,48295,323.2225573957915,83.8275050142881,3.8558055299474714,0.5080857231597474,39.04555005323679,0.32521803125313486
2006-2016,roles,public,SPY,sell,Director,504,16745,194.91631698985253,142.22857290475267,1.370444159067698,0.49793968348760825,-147.64877576355744,-1.0682791480567193
2006-2016,roles,insider,SPY,sell,Director,504,16745,190.91470754242084,143.2961057839447,1.3323091126445075,0.4964467005076142,-146.92640394045625,-1.0841400436542261
2006-2016,roles,public,SPY,sell,10% owner,504,1907,25.43335982363442,338.1183594832697,0.07522028635919983,0.48662821185107497,-293.5144368997334,-0.8947648375445718
2006-2016,roles,insider,SPY,sell,10% owner,504,1907,-6.878793507295455,330.67091777991743,-0.020802535504116305,0.4840062926061877,-321.9208739680591,-1.0036023827644143
2006-2016,roles,public,SPY,sell,Other,504,984,-102.93494460601016,193.94590440315696,-0.5307404913900035,0.5182926829268293,-420.0752712515077,-2.374356646443878
2006-2016,roles,insider,SPY,sell,Other,504,984,-100.76924421834697,195.48511274641626,-0.5154829582806393,0.5294715447154471,-413.2520471304193,-2.3677246872606412
2006-2016,mixed,public,SPY,sell,alone,504,54864,303.4180174319246,78.67573015397306,3.8565643666492524,0.5078740157480315,,
2006-2016,mixed,public,SPY,sell,other side in the 30 days before,504,3649,256.36400432106666,209.95522454000272,1.2210413190847826,0.5124691696355166,-47.05401311085781,-0.23315932134157746
2006-2016,mixed,public,SPY,sell,"other side the same day, this side bigger",504,427,54.99169136080794,188.87386077722644,0.2911556481903535,0.4894613583138173,,
2006-2016,mixed,public,SPY,sell,"other side the same day, other side bigger",504,198,654.1584492413159,442.1843653397585,1.4793794184438978,0.5303030303030303,,
2006-2016,several insiders,public,SPY,sell,1 insider,504,45608,297.9685363995219,83.32458153769892,3.5759979936378157,0.5078275741098053,,
2006-2016,several insiders,public,SPY,sell,2 or more insiders,504,12905,309.37228609401643,74.6952478683307,4.141793419567514,0.5093374660984115,11.403749694494469,0.21910709945013235
2006-2016,horizons,public,equal-weighted,sell,all,1,58509,-1.4697249485491015,0.6770480958159928,-2.170783667558739,0.4875660154847972,,
2006-2016,horizons,insider,equal-weighted,sell,all,1,80983,-1.7371905126135265,0.9587285249808954,-1.8119733244070773,0.48202709210575057,,
2006-2016,roles,public,equal-weighted,sell,CEO,1,8174,-3.013365577228342,1.7239695951833636,-1.747922692863871,0.47871299241497434,-0.7793020733690318,-0.44504194888328386
2006-2016,roles,insider,equal-weighted,sell,CEO,1,8174,1.4478244122134187,1.8171099994968987,0.7967731246948596,0.4880107658429166,3.5425848955110046,2.1564686175960723
2006-2016,roles,public,equal-weighted,sell,CFO,1,4879,-3.271909972346006,2.316691985016317,-1.4123198049234678,0.49067431850789095,-1.020680530298837,-0.464638613972632
2006-2016,roles,insider,equal-weighted,sell,CFO,1,4880,-4.853116410179209,1.7971344799161808,-2.7004748194501063,0.475,-3.315730351793772,-1.922032424971672
2006-2016,roles,public,equal-weighted,sell,Other officer,1,48292,-2.095584689720765,0.8676384407987455,-2.4152741409100957,0.48364118280460533,0.5379230932568219,0.45666591782127997
2006-2016,roles,insider,equal-weighted,sell,Other officer,1,48293,-2.0267730624148146,1.1116114481879824,-1.8232747294197271,0.4820160271674984,-0.7173834087047308,-0.6557613592803312
2006-2016,roles,public,equal-weighted,sell,Director,1,16745,-2.4461088520896745,1.5834561787058303,-1.544790998945671,0.48874290833084505,-0.16815538323252519,-0.10888968790104794
2006-2016,roles,insider,equal-weighted,sell,Director,1,16745,-0.9443739464005112,1.4633845926359577,-0.6453354443888426,0.4815168707076739,0.9994810545413731,0.6311766201551001
2006-2016,roles,public,equal-weighted,sell,10% owner,1,1907,1.3397980303865709,4.060040390357173,0.32999623195095973,0.48138437336130047,3.740608746901436,0.9067796611452397
2006-2016,roles,insider,equal-weighted,sell,10% owner,1,1907,-7.386245143761167,3.36218909390876,-2.1968559582632468,0.4687991609858416,-5.7852874600919355,-1.6819823453564293
2006-2016,roles,public,equal-weighted,sell,Other,1,984,-7.201970579389462,6.715345285162835,-1.0724646721147455,0.491869918699187,-4.949386448689178,-0.7579127598316715
2006-2016,roles,insider,equal-weighted,sell,Other,1,984,-1.0733183149507728,5.773244931482468,-0.18591248555864812,0.5020325203252033,0.6720379277656313,0.11980318286609637
2006-2016,mixed,public,equal-weighted,sell,alone,1,54860,-1.7875238097948842,0.7053287264962049,-2.5343130694174305,0.48685745534086766,,
2006-2016,mixed,public,equal-weighted,sell,other side in the 30 days before,1,3649,3.3081444753872327,2.6574187027608405,1.2448713753502003,0.49821869005206904,5.095668285182114,1.8396419954283982
2006-2016,mixed,public,equal-weighted,sell,"other side the same day, this side bigger",1,427,-6.291188048596486,8.00150415547511,-0.7862506756672338,0.47306791569086654,,
2006-2016,mixed,public,equal-weighted,sell,"other side the same day, other side bigger",1,198,-18.489074458588394,15.743856259218191,-1.1743675853088946,0.4595959595959596,,
2006-2016,several insiders,public,equal-weighted,sell,1 insider,1,45604,-1.149649850184176,0.7180530428592612,-1.6010653552922944,0.4908560652574336,,
2006-2016,several insiders,public,equal-weighted,sell,2 or more insiders,1,12905,-2.6008140447005204,1.335076711968617,-1.9480633744749614,0.47593955831073226,-1.4511641945163427,-1.03778727510218
2006-2016,horizons,public,equal-weighted,sell,all,5,58510,-4.033352485625919,2.7552964807899625,-1.4638542580613791,0.4892326098102888,,
2006-2016,horizons,insider,equal-weighted,sell,all,5,80981,-10.688504542389621,2.94601317065448,-3.6281251723036543,0.47718600659413934,,
2006-2016,roles,public,equal-weighted,sell,CEO,5,8173,-4.347982336086234,5.382690955470646,-0.8077711263856241,0.4913740364615196,1.4559492841912418,0.3159827586523266
2006-2016,roles,insider,equal-weighted,sell,CEO,5,8173,-9.416460632568317,5.552300653115837,-1.6959565450195844,0.4742444634773033,1.4148361150043796,0.2918909203948496
2006-2016,roles,public,equal-weighted,sell,CFO,5,4880,-8.28223392219593,5.858483904531928,-1.4137162544372732,0.4819672131147541,-2.793584275231326,-0.5305470209777245
2006-2016,roles,insider,equal-weighted,sell,CFO,5,4879,-15.75568660560367,5.308181988445417,-2.9681888525864135,0.46689895470383275,-5.392045815630817,-1.1377394879560307
2006-2016,roles,public,equal-weighted,sell,Other officer,5,48293,-5.632979584370711,3.2565343270873206,-1.7297467241528846,0.48719276085561053,0.059486808165056054,0.019209703675116426
2006-2016,roles,insider,equal-weighted,sell,Other officer,5,48294,-10.178053478772783,3.3830182434502634,-3.008571856944058,0.475752681492525,1.2646262300839903,0.4002711148251627
2006-2016,roles,public,equal-weighted,sell,Director,5,16745,-5.794714668050028,4.200569369107952,-1.379506957001073,0.4898775753956405,-0.17362371023570528,-0.04230563199147681
2006-2016,roles,insider,equal-weighted,sell,Director,5,16744,-12.091142292608627,3.9825619092555775,-3.036021176345934,0.48411371237458195,-1.7682489476545473,-0.4259614199649333
2006-2016,roles,public,equal-weighted,sell,10% owner,5,1907,0.45932395094343864,11.962604441521377,0.03839665126342863,0.49659150498164656,6.263819022053955,0.5220832219691256
2006-2016,roles,insider,equal-weighted,sell,10% owner,5,1907,-6.95646606254521,12.730974433620158,-0.5464205508240173,0.4766649187205034,3.822042746494169,0.29573687013125355
2006-2016,roles,public,equal-weighted,sell,Other,5,984,-14.198278852036534,13.603674220866349,-1.0437091201624145,0.4796747967479675,-8.64634742146061,-0.6467478566946092
2006-2016,roles,insider,equal-weighted,sell,Other,5,984,-4.546825829235308,13.490022652877235,-0.33705101512676355,0.5060975609756098,6.217224194281669,0.4589197288960204
2006-2016,mixed,public,equal-weighted,sell,alone,5,54862,-4.117383656808302,2.840510765704697,-1.4495222854002556,0.4894644744996537,,
2006-2016,mixed,public,equal-weighted,sell,other side in the 30 days before,5,3648,-2.7696139676961082,6.203620179887385,-0.44645124739831915,0.4857456140350877,1.3477696891121813,0.21152301640266433
2006-2016,mixed,public,equal-weighted,sell,"other side the same day, this side bigger",5,427,-26.93674499995657,18.498063385816664,-1.4561927072111904,0.4707259953161593,,
2006-2016,mixed,public,equal-weighted,sell,"other side the same day, other side bigger",5,198,61.18712567032749,47.03959548521671,1.3007579048922089,0.5151515151515151,,
2006-2016,several insiders,public,equal-weighted,sell,1 insider,5,45605,-3.2769532673599473,2.761529347033622,-1.186644375472592,0.48994627782041444,,
2006-2016,several insiders,public,equal-weighted,sell,2 or more insiders,5,12905,-6.7063928846200795,4.436516634870364,-1.5116347884078298,0.48671057729562184,-3.42943961726013,-0.8668872070841752
2006-2016,horizons,public,equal-weighted,sell,all,21,58513,-8.085097372076206,7.854541040994825,-1.0293532530899068,0.49621451643224584,,
2006-2016,horizons,insider,equal-weighted,sell,all,21,80983,-12.784787809443944,8.423075295499483,-1.517828982993297,0.4952767864860526,,
2006-2016,roles,public,equal-weighted,sell,CEO,21,8174,7.725404819288178,14.271951108105183,0.54129983775665,0.5113775385368241,15.147397475604595,1.236432838856877
2006-2016,roles,insider,equal-weighted,sell,CEO,21,8173,-0.011016764827997313,14.315585451074746,-0.0007695643929931085,0.5094824421876912,14.207640440957713,1.1936859425000497
2006-2016,roles,public,equal-weighted,sell,CFO,21,4880,-5.136694873452307,12.495300072690899,-0.4110901573847602,0.4969262295081967,0.8049407263603654,0.06749091567078623
2006-2016,roles,insider,equal-weighted,sell,CFO,21,4880,-18.522385743477933,11.822941567264749,-1.5666478293999644,0.48668032786885246,-6.1055134947620475,-0.633192183935594
2006-2016,roles,public,equal-weighted,sell,Other officer,21,48295,-6.256813727694817,9.444003123082966,-0.6625171175983579,0.4996376436484108,-0.9009731242328651,-0.12361823226255043
2006-2016,roles,insider,equal-weighted,sell,Other officer,21,48294,-11.712669198904415,9.165485810304178,-1.2779103520881128,0.49772228434174015,2.656042749466873,0.37278576791061996
2006-2016,roles,public,equal-weighted,sell,Director,21,16745,-10.384140543189167,11.070258015340015,-0.9380215464535607,0.4930426993132278,-5.661649651058268,-0.5681810087601041
2006-2016,roles,insider,equal-weighted,sell,Director,21,16745,-18.305558761782013,10.767073409604315,-1.7001424681894814,0.48605553896685577,-6.959877238288781,-0.686132956128901
2006-2016,roles,public,equal-weighted,sell,10% owner,21,1907,-5.546134081464201,28.36810670847232,-0.19550596514810104,0.48138437336130047,0.35536533193575426,0.012707399305708463
2006-2016,roles,insider,equal-weighted,sell,10% owner,21,1907,-23.36428291964195,31.264602007917876,-0.7473078631778157,0.4777136864184583,-10.834630640259592,-0.3515271241247104
2006-2016,roles,public,equal-weighted,sell,Other,21,984,-29.170636431433717,28.89084512256982,-1.0096844279797588,0.4806910569105691,-23.56381474098408,-0.8192175113124582
2006-2016,roles,insider,equal-weighted,sell,Other,21,984,-28.59479008069109,30.70590151287727,-0.9312473717372919,0.49085365853658536,-16.0044677300017,-0.5374070914815823
2006-2016,mixed,public,equal-weighted,sell,alone,21,54864,-8.105874539639299,8.116693307822494,-0.9986670965905823,0.49591717701953925,,
2006-2016,mixed,public,equal-weighted,sell,other side in the 30 days before,21,3649,-7.7727053410590266,17.020168301212255,-0.45667617402499,0.5006851192107427,0.3331691985802615,0.018913625271459816
2006-2016,mixed,public,equal-weighted,sell,"other side the same day, this side bigger",21,427,-16.14249736833233,34.91015396183251,-0.46240120814078967,0.4894613583138173,,
2006-2016,mixed,public,equal-weighted,sell,"other side the same day, other side bigger",21,198,153.49746758663593,92.96495956803476,1.6511325159486738,0.5606060606060606,,
2006-2016,several insiders,public,equal-weighted,sell,1 insider,21,45608,-10.51426630181157,7.52304229233254,-1.3976082937254888,0.49473776530433256,,
2006-2016,several insiders,public,equal-weighted,sell,2 or more insiders,21,12905,0.4999112716565061,11.63182233702576,0.04297789780241199,0.5014335528864781,11.01417757346807,1.3028709983237259
2006-2016,horizons,public,equal-weighted,sell,all,63,58513,-25.71787957994167,25.683440274112233,-1.0013409148253456,0.48442226513766173,,
2006-2016,horizons,insider,equal-weighted,sell,all,63,80985,-23.96189480953318,28.219936457765186,-0.8491122878818412,0.4848552201024881,,
2006-2016,roles,public,equal-weighted,sell,CEO,63,8174,22.811073450873867,48.61411699697819,0.46922735328694304,0.5090530951798385,43.68098854557774,1.1191019852395334
2006-2016,roles,insider,equal-weighted,sell,CEO,63,8174,12.276261113815103,48.858246213686556,0.25126282798043165,0.4996329826278444,40.30636933227616,1.0219059102382622
2006-2016,roles,public,equal-weighted,sell,CFO,63,4880,14.750715897555692,33.82330910766874,0.4361109627269222,0.4979508196721312,33.21317128357649,1.30731528585539
2006-2016,roles,insider,equal-weighted,sell,CFO,63,4880,7.445193520647952,33.82963041995971,0.22007906761686752,0.4944672131147541,33.42097166309335,1.382456883202557
2006-2016,roles,public,equal-weighted,sell,Other officer,63,48295,-14.01630035568246,31.135200446190904,-0.4501753691904438,0.48940884149497876,6.056640846378058,0.3356966654963438
2006-2016,roles,insider,equal-weighted,sell,Other officer,63,48295,-21.769510762681435,30.75726027083473,-0.7077844571001716,0.48711046692204163,5.431331356203381,0.2956088735594259
2006-2016,roles,public,equal-weighted,sell,Director,63,16745,-37.6735955628546,30.30563301436627,-1.243121882489489,0.4778739922364885,-26.74181916383463,-1.084003748297023
2006-2016,roles,insider,equal-weighted,sell,Director,63,16745,-43.23174109310416,30.240400300118722,-1.429602143624218,0.47608241266049567,-24.29278488908771,-0.9662853645468484
2006-2016,roles,public,equal-weighted,sell,10% owner,63,1907,-64.91170797880808,56.509730405592904,-1.1486819617243054,0.4551651809124279,-49.61902168859524,-0.835501836361288
2006-2016,roles,insider,equal-weighted,sell,10% owner,63,1907,-81.97305186942502,58.680391174021175,-1.396941128533511,0.4452018877818563,-59.41012107659959,-0.9564091725556068
2006-2016,roles,public,equal-weighted,sell,Other,63,984,-162.5962104139082,71.40275237406384,-2.2771700670879076,0.4339430894308943,-147.93255617801427,-2.2480415465912653
2006-2016,roles,insider,equal-weighted,sell,Other,63,984,-148.0041840166749,71.85792152184142,-2.059678054724817,0.4298780487804878,-125.56799029312597,-1.8473890436002343
2006-2016,mixed,public,equal-weighted,sell,alone,63,54864,-27.75844099532057,26.493816729027184,-1.0477328079690322,0.4832859434237387,,
2006-2016,mixed,public,equal-weighted,sell,other side in the 30 days before,63,3649,4.962679886582578,36.43211158453363,0.1362171905701278,0.5015072622636338,32.72112088190317,0.8796461768774738
2006-2016,mixed,public,equal-weighted,sell,"other side the same day, this side bigger",63,427,20.075192569025457,51.005690832232865,0.39358730842518086,0.4894613583138173,,
2006-2016,mixed,public,equal-weighted,sell,"other side the same day, other side bigger",63,198,158.1009148656507,153.24262348159624,1.031703264233387,0.5,,
2006-2016,several insiders,public,equal-weighted,sell,1 insider,63,45608,-32.7837223425051,24.276737000507104,-1.3504171644574927,0.4819110682336432,,
2006-2016,several insiders,public,equal-weighted,sell,2 or more insiders,63,12905,-0.7462440344172743,35.51126102350031,-0.021014292731633265,0.49329717163889963,32.03747830808781,1.49731056529691
2006-2016,horizons,public,equal-weighted,sell,all,126,58513,-41.420609674134475,48.054204725447406,-0.861955991380707,0.4783552372976945,,
2006-2016,horizons,insider,equal-weighted,sell,all,126,80985,-33.232198621325125,51.38533977446296,-0.6467252871574972,0.47969377045131817,,
2006-2016,roles,public,equal-weighted,sell,CEO,126,8174,42.310833060202185,93.83177394846237,0.4509222332665441,0.5059946170785418,78.73381556198768,1.0431856047119388
2006-2016,roles,insider,equal-weighted,sell,CEO,126,8174,37.600634054580794,94.3284108143685,0.3986140944171754,0.5050159040861267,78.78475716935952,1.0466460995573723
2006-2016,roles,public,equal-weighted,sell,CFO,126,4880,37.081054302039185,60.97674999094931,0.6081179188386241,0.5012295081967213,69.76091205773673,1.6913435000205437
2006-2016,roles,insider,equal-weighted,sell,CFO,126,4880,25.96970409378615,61.09466828597751,0.4250731663232016,0.49815573770491806,62.99804337932186,1.6359618721049742
2006-2016,roles,public,equal-weighted,sell,Other officer,126,48295,-16.396803630888297,57.26539847688748,-0.28633003640944027,0.4824308934672326,29.925050090422904,0.9049486961804037
2006-2016,roles,insider,equal-weighted,sell,Other officer,126,48295,-21.28873217136628,56.263549377186855,-0.3783752075193146,0.48100217413810953,29.588303164573883,0.9129386135091845
2006-2016,roles,public,equal-weighted,sell,Director,126,16745,-100.47946533839577,50.66687270386338,-1.9831392777224661,0.4662287249925351,-90.77186287245594,-2.4340522110494747
2006-2016,roles,insider,equal-weighted,sell,Director,126,16745,-102.514236348167,49.485333395955145,-2.0716084809998745,0.4655718124813377,-87.34131110380277,-2.3631842623189834
2006-2016,roles,public,equal-weighted,sell,10% owner,126,1907,-103.66479064588736,83.11225137211895,-1.2472865183467166,0.45254326166754066,-77.00179621328027,-0.7442595708065531
2006-2016,roles,insider,equal-weighted,sell,10% owner,126,1907,-127.32820501354956,81.34272847002637,-1.5653298998996348,0.4441531200839014,-96.36517207914069,-0.9399736795618935
2006-2016,roles,public,equal-weighted,sell,Other,126,984,-163.46370906967684,92.52009360102268,-1.7667914364050101,0.4258130081300813,-136.64783502086686,-1.5792791653709144
2006-2016,roles,insider,equal-weighted,sell,Other,126,984,-140.0754565658615,93.56207864737742,-1.497139210574688,0.42276422764227645,-108.15741359030865,-1.1631429010418863
2006-2016,mixed,public,equal-weighted,sell,alone,126,54864,-46.14381139570185,48.05194787778079,-0.9602901325263181,0.47626859142607175,,
2006-2016,mixed,public,equal-weighted,sell,other side in the 30 days before,126,3649,29.594391491136165,68.44583210914475,0.4323768238209816,0.509728692792546,75.73820288683804,1.5234958785619115
2006-2016,mixed,public,equal-weighted,sell,"other side the same day, this side bigger",126,427,-4.186064125251095,87.89484097827487,-0.04762582284306961,0.4894613583138173,,
2006-2016,mixed,public,equal-weighted,sell,"other side the same day, other side bigger",126,198,135.30442291245086,197.08592786105388,0.6865250319030431,0.5151515151515151,,
2006-2016,several insiders,public,equal-weighted,sell,1 insider,126,45608,-49.84310265621168,45.982522307009965,-1.0839575594271647,0.47719698298544116,,
2006-2016,several insiders,public,equal-weighted,sell,2 or more insiders,126,12905,-11.654390384977077,65.4428479032685,-0.17808501247078226,0.48244866330879504,38.188712271234614,0.935314016354782
2006-2016,horizons,public,equal-weighted,sell,all,252,58513,-53.32905318578039,92.41473616288789,-0.5770622240568207,0.4725958334045426,,
2006-2016,horizons,insider,equal-weighted,sell,all,252,80984,-36.55377446298282,96.54711777673957,-0.37861072712198013,0.47614343574039314,,
2006-2016,roles,public,equal-weighted,sell,CEO,252,8174,110.99876608778241,167.42324495701462,0.6629830052349122,0.4996329826278444,159.44022576246712,1.3410585414108778
2006-2016,roles,insider,equal-weighted,sell,CEO,252,8174,106.98862787247471,167.37039210224475,0.6392327013676141,0.49975532175189624,159.65716125167822,1.3386267268189052
2006-2016,roles,public,equal-weighted,sell,CFO,252,4880,37.65761349543539,104.49366429253215,0.3603817872633132,0.48565573770491804,74.49535556533436,1.0775056548903845
2006-2016,roles,insider,equal-weighted,sell,CFO,252,4880,25.283529773505627,107.05925600157616,0.23616388454197174,0.4885245901639344,65.8024840519261,1.0365015803002489
2006-2016,roles,public,equal-weighted,sell,Other officer,252,48295,-5.931245297322846,102.72020515793423,-0.05774175867545675,0.4799875763536598,65.44586436121868,1.1774741621842553
2006-2016,roles,insider,equal-weighted,sell,Other officer,252,48294,-8.38126796939075,100.4860197334995,-0.08340730373855824,0.4796869176295192,69.7926664385764,1.2668259372490338
2006-2016,roles,public,equal-weighted,sell,Director,252,16745,-179.10758995451195,114.0706222730193,-1.5701465143745044,0.4542848611525829,-185.01340233646056,-2.2196734775246427
2006-2016,roles,insider,equal-weighted,sell,Director,252,16745,-182.93898328502686,110.84927791966118,-1.6503398733694343,0.4553000895789788,-184.5430307328011,-2.2650736345409466
2006-2016,roles,public,equal-weighted,sell,10% owner,252,1907,-148.72818743190933,149.72744079708528,-0.9933261841659996,0.4352385946512847,-119.18593101496312,-0.5882517123735321
2006-2016,roles,insider,equal-weighted,sell,10% owner,252,1907,-182.5039753139699,146.54202123633115,-1.2454036990498596,0.43209229155742,-149.46989726110425,-0.7618711036643577
2006-2016,roles,public,equal-weighted,sell,Other,252,984,-143.91212944717867,132.82929222358135,-1.0834366956118566,0.47560975609756095,-112.93554576702608,-0.8508023703950905
2006-2016,roles,insider,equal-weighted,sell,Other,252,984,-144.37624927769062,129.93439778375452,-1.111147253847062,0.4847560975609756,-109.14869125492878,-0.8309581137480602
2006-2016,mixed,public,equal-weighted,sell,alone,252,54864,-49.454239687111134,91.43311901922587,-0.5408788436574308,0.4734069699620881,,
2006-2016,mixed,public,equal-weighted,sell,other side in the 30 days before,252,3649,-111.58823865878401,133.80787801828134,-0.8339437132658094,0.46040010961907374,-62.13399897167295,-0.7236403300770264
2006-2016,mixed,public,equal-weighted,sell,"other side the same day, this side bigger",252,427,-289.4998041223131,155.22887024022066,-1.8649868653576152,0.44730679156908665,,
2006-2016,mixed,public,equal-weighted,sell,"other side the same day, other side bigger",252,198,-38.90240588522063,167.85025553185915,-0.231768523449383,0.4797979797979798,,
2006-2016,several insiders,public,equal-weighted,sell,1 insider,252,45608,-74.0872200911766,89.15451027605766,-0.8309980040468311,0.4697202245220137,,
2006-2016,several insiders,public,equal-weighted,sell,2 or more insiders,252,12905,20.033091426486994,112.56655429451448,0.1779666398428901,0.4827586206896552,94.12031151766361,1.8082075637836739
2006-2016,horizons,public,equal-weighted,sell,all,504,58513,-90.10953251430492,188.23960885121122,-0.47869591880383416,0.460222514654863,,
2006-2016,horizons,insider,equal-weighted,sell,all,504,80985,-80.70206714524353,181.85984376480187,-0.44375968589093795,0.4610853861826264,,
2006-2016,roles,public,equal-weighted,sell,CEO,504,8174,146.8473863406691,268.2674261467005,0.547391789043991,0.48984585270369463,249.6141218555854,1.8573741333294704
2006-2016,roles,insider,equal-weighted,sell,CEO,504,8174,149.31226947307684,271.22684216259626,0.5505069788909995,0.48850012233912404,255.83649518664322,1.8390946141725586
2006-2016,roles,public,equal-weighted,sell,CFO,504,4880,74.14064142140532,204.76998268150533,0.36206791860075516,0.47540983606557374,161.44140449563704,1.3993217677390315
2006-2016,roles,insider,equal-weighted,sell,CFO,504,4880,52.17360633592042,205.4325578974504,0.2539695113077689,0.47520491803278686,141.39591901809405,1.3766624362035527
2006-2016,roles,public,equal-weighted,sell,Other officer,504,48295,-46.07370821725451,160.46705260021727,-0.28712254304340684,0.46462366704627805,78.03423015153224,0.6115165027109087
2006-2016,roles,insider,equal-weighted,sell,Other officer,504,48295,-47.08430172453872,157.9709246760991,-0.2980567583628416,0.4628636504814163,83.2834118261175,0.6419254266604136
2006-2016,roles,public,equal-weighted,sell,Director,504,16745,-253.33752525693916,265.7457037217465,-0.9533080750091842,0.441743804120633,-221.58034307760377,-1.4267612943672754
2006-2016,roles,insider,equal-weighted,sell,Director,504,16745,-257.4814096329607,263.0697760306804,-0.9787570944787367,0.4401911018214392,-222.85920067508982,-1.4577297892568142
2006-2016,roles,public,equal-weighted,sell,10% owner,504,1907,-446.97799006785965,292.97472279374955,-1.5256537690540846,0.45988463555322495,-378.3137444297739,-1.3199036589064281
2006-2016,roles,insider,equal-weighted,sell,10% owner,504,1907,-476.8672887164839,277.4585245280845,-1.7186975585902935,0.45359202936549553,-405.7189163730351,-1.4529504536421987
2006-2016,roles,public,equal-weighted,sell,Other,504,984,-533.2332153189743,151.35363323319484,-3.523094913072928,0.45121951219512196,-461.2651554227972,-2.696910587967785
2006-2016,roles,insider,equal-weighted,sell,Other,504,984,-524.2826439805986,150.2832213813888,-3.488630594696089,0.44613821138211385,-449.0365497307692,-2.6539544646466644
2006-2016,mixed,public,equal-weighted,sell,alone,504,54864,-78.05098223818123,187.9756534690799,-0.4152185711168166,0.4611220472440945,,
2006-2016,mixed,public,equal-weighted,sell,other side in the 30 days before,504,3649,-271.4140823496708,276.10749671461434,-0.9830014960810911,0.4466977254042203,-193.36310011148973,-0.8939928279367177
2006-2016,mixed,public,equal-weighted,sell,"other side the same day, this side bigger",504,427,-539.220966262955,288.08840400365995,-1.8717204815231112,0.4309133489461358,,
2006-2016,mixed,public,equal-weighted,sell,"other side the same day, other side bigger",504,198,74.44283981119848,416.859630202539,0.17858011286683972,0.51010101010101,,
2006-2016,several insiders,public,equal-weighted,sell,1 insider,504,45608,-103.21651346147567,192.24726043629414,-0.5368945868317275,0.45812138221364673,,
2006-2016,several insiders,public,equal-weighted,sell,2 or more insiders,504,12905,-43.78770477013089,180.9386458567978,-0.24200305337084402,0.46764819837272376,59.428808691344614,1.026297165771528
2006-2016,timing,insider,SPY,sell,20 days before the trade,0,80964,244.44113071553204,8.961396665491216,27.27712429657672,0.648399288572699,,
2006-2016,timing,insider,SPY,sell,from trade to public,0,80985,-3.8556099687289453,1.5693499617882496,-2.4568197423190035,0.4785701055751065,,
2006-2016,timing,insider,SPY,sell,from trade to the close on the filing day,0,80983,-0.32231115980160363,1.2522172592208065,-0.2573923633684478,0.4061346208463505,,
2006-2016,timing,insider,SPY,sell,the day after the filing,0,80983,-3.4744276351201404,0.9142563001412746,-3.8002774873777274,0.47638393243026317,,
2017-2026,horizons,public,SPY,buy,all,1,4417,-0.38824678052885037,4.594374155134059,-0.08450482425228638,0.4919628707267376,,
2017-2026,horizons,insider,SPY,buy,all,1,6433,24.573495899083316,5.065595086846469,4.851058064805033,0.5456241256023628,,
2017-2026,roles,public,SPY,buy,CEO,1,693,3.6995599350338564,7.736179591463434,0.47821536344840976,0.5036075036075036,4.765258600474717,0.6527228231223552
2017-2026,roles,insider,SPY,buy,CEO,1,693,53.066651264872085,9.770350258847122,5.431397018425194,0.56998556998557,31.93318265995108,3.7295408734785815
2017-2026,roles,public,SPY,buy,CFO,1,319,-0.4548926949587488,10.332481460128006,-0.04402550313921524,0.48589341692789967,0.10254998331409654,0.010753318691529498
2017-2026,roles,insider,SPY,buy,CFO,1,319,55.61446104088745,17.108562307420232,3.2506799835990106,0.5862068965517241,32.66053790599054,2.0641512312662225
2017-2026,roles,public,SPY,buy,Other officer,1,1392,7.285572691116984,8.308208248692877,0.8769126234002641,0.47988505747126436,10.002262334181252,1.0909287235722853
2017-2026,roles,insider,SPY,buy,Other officer,1,1392,30.177856190158597,13.639728943445395,2.212496767002151,0.5366379310344828,7.151924172284729,0.5028619986659552
2017-2026,roles,public,SPY,buy,Director,1,3348,-4.7813467861340335,6.8637485074690385,-0.6966086797805946,0.47939068100358423,-8.818505209253837,-1.1133683783272739
2017-2026,roles,insider,SPY,buy,Director,1,3348,12.255596350327107,6.113304871843508,2.0047415607838563,0.5340501792114696,-25.68591500717949,-2.110174829871884
2017-2026,roles,public,SPY,buy,10% owner,1,667,-0.8863386152282708,10.492592221296288,-0.08447279723968627,0.5142428785607196,-0.3726155059159481,-0.033214658567430146
2017-2026,roles,insider,SPY,buy,10% owner,1,667,31.421388305663047,12.994218716418326,2.4181052352121646,0.5772113943028486,7.640043678724841,0.5795084190365118
2017-2026,roles,public,SPY,buy,Other,1,14,,,,,,
2017-2026,roles,insider,SPY,buy,Other,1,14,,,,,,
2017-2026,mixed,public,SPY,buy,alone,1,3086,-4.0501590958559355,6.937693035707266,-0.5837904725692494,0.48930654569021387,,
2017-2026,mixed,public,SPY,buy,other side in the 30 days before,1,1331,8.102107393099532,4.580463208415256,1.768840185903969,0.49812171299774605,12.152266488955476,1.31309949391647
2017-2026,mixed,public,SPY,buy,"other side the same day, this side bigger",1,158,-18.955771636114193,25.20075693689457,-0.7521905664810585,0.41139240506329117,,
2017-2026,mixed,public,SPY,buy,"other side the same day, other side bigger",1,294,-7.68321752292826,8.924784916920633,-0.8608854548821153,0.47278911564625853,,
2017-2026,several insiders,public,SPY,buy,1 insider,1,3916,-1.2629872476587252,4.519130274223125,-0.27947573338673953,0.491317671092952,,
2017-2026,several insiders,public,SPY,buy,2 or more insiders,1,501,6.449045972526202,11.262954142298232,0.5725892062639846,0.49700598802395207,7.7120332201849155,0.7303850066778489
2017-2026,horizons,public,SPY,buy,all,5,4417,-18.198382097702527,17.206170083560043,-1.0576660587059121,0.48381254244962646,,
2017-2026,horizons,insider,SPY,buy,all,5,6433,58.303713276242036,12.99283548456439,4.487374087473623,0.5502875796673403,,
2017-2026,roles,public,SPY,buy,CEO,5,693,-11.95457624403716,25.154371072299003,-0.4752484651545121,0.4935064935064935,-4.9748298734086145,-0.24926747406225755
2017-2026,roles,insider,SPY,buy,CEO,5,693,106.22955054250545,23.062535201822755,4.606152342441066,0.5974025974025974,53.712005424019615,2.5874840805741908
2017-2026,roles,public,SPY,buy,CFO,5,319,-15.896429373705796,23.20368286401725,-0.6850821685016621,0.4890282131661442,-8.818034781897923,-0.4894570077070398
2017-2026,roles,insider,SPY,buy,CFO,5,319,130.6371749437747,30.18644153923211,4.327677204813651,0.6175548589341693,76.10748428315954,2.2962389543265544
2017-2026,roles,public,SPY,buy,Other officer,5,1392,-14.02882817771184,16.909229880691168,-0.8296550627495763,0.45545977011494254,-8.311681444692491,-0.5641883636756386
2017-2026,roles,insider,SPY,buy,Other officer,5,1392,55.59064153154563,21.045168935663575,2.641491817028876,0.548132183908046,-3.4622476757849676,-0.1350918513533946
2017-2026,roles,public,SPY,buy,Director,5,3348,-9.209502982587031,13.234606504730035,-0.6958652665113666,0.479689366786141,-3.5320801239730546,-0.25426392772049816
2017-2026,roles,insider,SPY,buy,Director,5,3348,44.85169224739639,16.415213049517696,2.732324710748375,0.5376344086021505,-28.050843202127716,-1.2830982981221326
2017-2026,roles,public,SPY,buy,10% owner,5,667,22.030627134929116,47.84101619208746,0.4604966384174092,0.5052473763118441,32.964150167104435,0.6750972482230575
2017-2026,roles,insider,SPY,buy,10% owner,5,667,42.77414791628848,47.72860080812119,0.8961953041164848,0.5367316341829086,-17.325996177693618,-0.38027970011470813
2017-2026,roles,public,SPY,buy,Other,5,14,,,,,,
2017-2026,roles,insider,SPY,buy,Other,5,14,,,,,,
2017-2026,mixed,public,SPY,buy,alone,5,3086,-22.0571110827119,20.007153271014754,-1.1024612439325392,0.48703823720025924,,
2017-2026,mixed,public,SPY,buy,other side in the 30 days before,5,1331,-9.251697163263048,17.06842947026957,-0.5420356441919861,0.4763335837716003,12.805413919448851,0.713415082977303
2017-2026,mixed,public,SPY,buy,"other side the same day, this side bigger",5,158,-39.20113702015401,27.587705213869942,-1.420964038735825,0.37341772151898733,,
2017-2026,mixed,public,SPY,buy,"other side the same day, other side bigger",5,294,0.1563478174873036,19.344810920452915,0.008082157955961197,0.5102040816326531,,
2017-2026,several insiders,public,SPY,buy,1 insider,5,3916,-24.971609756324927,19.35005058977299,-1.2905190940184454,0.48416751787538304,,
2017-2026,several insiders,public,SPY,buy,2 or more insiders,5,501,34.74365285472332,21.292503755772962,1.6317316767082122,0.4810379241516966,59.71526261104826,2.0876531541697476
2017-2026,horizons,public,SPY,buy,all,21,4417,-12.487998335139372,41.98288089898336,-0.2974545354614237,0.4808693683495585,,
2017-2026,horizons,insider,SPY,buy,all,21,6433,52.196359479609306,32.96184430874203,1.5835388029475632,0.5212187159956474,,
2017-2026,roles,public,SPY,buy,CEO,21,693,-4.6544925437377485,37.694696744394236,-0.12347871042177679,0.5367965367965368,6.2876129678261545,0.14201418172857627
2017-2026,roles,insider,SPY,buy,CEO,21,693,94.83864946905997,47.141388242177364,2.0117916125390622,0.5541125541125541,47.79056646378678,0.9589815661864869
2017-2026,roles,public,SPY,buy,CFO,21,319,-52.119487324053026,39.9199226867389,-1.3056009084247733,0.4670846394984326,-44.038503923200274,-1.0461264532063197
2017-2026,roles,insider,SPY,buy,CFO,21,319,60.73059592696738,41.94048595132561,1.448018413459701,0.5172413793103449,8.979513095494683,0.2228002155172494
2017-2026,roles,public,SPY,buy,Other officer,21,1392,-4.625441697029692,32.385135877875435,-0.14282607040687628,0.4698275862068966,7.196544838761177,0.15152348734646576
2017-2026,roles,insider,SPY,buy,Other officer,21,1392,64.6553090327387,35.67189598196282,1.812499931751065,0.5179597701149425,15.89931015181146,0.3163909724260316
2017-2026,roles,public,SPY,buy,Director,21,3348,-27.030076662122514,42.10573653202951,-0.6419571034355601,0.4871565113500597,-34.95988142568783,-0.6384156497173231
2017-2026,roles,insider,SPY,buy,Director,21,3348,28.23361580751525,39.441485865234974,0.7158355013293577,0.5212066905615292,-49.968340370366604,-0.8677737452789549
2017-2026,roles,public,SPY,buy,10% owner,21,667,72.82910484118051,179.36284266244624,0.406043435530524,0.46926536731634183,92.70601463969861,0.5209073369507287
2017-2026,roles,insider,SPY,buy,10% owner,21,667,93.78111980097594,178.92729651326167,0.5241297534164951,0.4917541229385307,46.395206928087404,0.2620764849493925
2017-2026,roles,public,SPY,buy,Other,21,14,,,,,,
2017-2026,roles,insider,SPY,buy,Other,21,14,,,,,,
2017-2026,mixed,public,SPY,buy,alone,21,3086,3.995629648045686,48.52023663779216,0.08234975599714019,0.48250162022035,,
2017-2026,mixed,public,SPY,buy,other side in the 30 days before,21,1331,-50.70623722027016,51.09063738590936,-0.9924761133290301,0.47708489857250186,-54.70186686831584,-0.9485727024403284
2017-2026,mixed,public,SPY,buy,"other side the same day, this side bigger",21,158,-77.1961621673095,71.34821764177653,-1.081963428363329,0.4240506329113924,,
2017-2026,mixed,public,SPY,buy,"other side the same day, other side bigger",21,294,-17.740355946200516,30.902484411871953,-0.5740753950315114,0.5170068027210885,,
2017-2026,several insiders,public,SPY,buy,1 insider,21,3916,-13.384892684437355,45.135189087163845,-0.29655116008462523,0.4816138917262513,,
2017-2026,several insiders,public,SPY,buy,2 or more insiders,21,501,-5.47754270270234,43.93183293572742,-0.12468277184601023,0.4750499001996008,7.907349981735029,0.1549498244146248
2017-2026,horizons,public,SPY,buy,all,63,4417,-94.16979212224045,100.4896298773845,-0.9371095528677397,0.4668326918723115,,
2017-2026,horizons,insider,SPY,buy,all,63,6433,11.030653567198339,81.0646041809781,0.13607237929111723,0.4885745375408052,,
2017-2026,roles,public,SPY,buy,CEO,63,693,-9.153235910879609,107.02455706261107,-0.08552463249649163,0.5093795093795094,65.0254517933892,0.599444027913747
2017-2026,roles,insider,SPY,buy,CEO,63,693,114.24930941400757,123.04473340713466,0.928518484704059,0.5223665223665224,115.6804203941676,0.9590893410157595
2017-2026,roles,public,SPY,buy,CFO,63,319,-161.46169671910076,109.44577072456732,-1.4752666608327643,0.4608150470219436,-99.2074313191419,-0.9167904536268618
2017-2026,roles,insider,SPY,buy,CFO,63,319,-56.28109345604245,116.10176713766431,-0.4847565617955562,0.47962382445141066,-70.82375999354073,-0.6365309869869409
2017-2026,roles,public,SPY,buy,Other officer,63,1392,-66.72394450770568,77.97395400692929,-0.8557209308864361,0.4640804597701149,0.5740378676198375,0.005689119078295954
2017-2026,roles,insider,SPY,buy,Other officer,63,1392,10.896787523146935,91.41441284629995,0.11920207310709637,0.47772988505747127,-0.17083123614010845,-0.0016109067158281123
2017-2026,roles,public,SPY,buy,Director,63,3348,-114.3519375731813,95.73832897264931,-1.1944216992323895,0.472520908004779,-98.37833209061047,-0.7564178974486049
2017-2026,roles,insider,SPY,buy,Director,63,3348,-36.985445172430985,95.70681606309846,-0.38644525744171543,0.48566308243727596,-100.12562826322068,-0.7420055186411023
2017-2026,roles,public,SPY,buy,10% owner,63,667,156.06924107041556,394.64152829148446,0.3954709017727651,0.47976011994003,249.0673409147976,0.6300211572516987
2017-2026,roles,insider,SPY,buy,10% owner,63,667,179.0543798878484,387.055437358922,0.4626065483271036,0.49775112443778113,187.46039393353115,0.48742703153408545
2017-2026,roles,public,SPY,buy,Other,63,14,,,,,,
2017-2026,roles,insider,SPY,buy,Other,63,14,,,,,,
2017-2026,mixed,public,SPY,buy,alone,63,3086,-48.62599873796038,126.28618921415821,-0.38504605325844143,0.4708360337005833,,
2017-2026,mixed,public,SPY,buy,other side in the 30 days before,63,1331,-199.76569473973734,104.5763171832259,-1.9102383801652933,0.45755071374906087,-151.13969600177697,-1.0513831130945166
2017-2026,mixed,public,SPY,buy,"other side the same day, this side bigger",63,158,-97.65921838917934,158.57777402653323,-0.6158443009348775,0.45569620253164556,,
2017-2026,mixed,public,SPY,buy,"other side the same day, other side bigger",63,294,-4.237249732844678,83.52174968940658,-0.05073229127265406,0.5272108843537415,,
2017-2026,several insiders,public,SPY,buy,1 insider,63,3916,-113.0798654048868,108.19371711630058,-1.0451611093399624,0.462461695607763,,
2017-2026,several insiders,public,SPY,buy,2 or more insiders,63,501,53.638285671857744,118.2842346120018,0.45346944035105835,0.500998003992016,166.71815107674462,1.2156868267488299
2017-2026,horizons,public,SPY,buy,all,126,4238,-259.3683338681926,154.2841694896292,-1.681107885055097,0.4391222274657858,,
2017-2026,horizons,insider,SPY,buy,all,126,6236,-120.9634697133875,131.9149217039235,-0.9169809461349945,0.4578255291853752,,
2017-2026,roles,public,SPY,buy,CEO,126,676,-70.2862977601564,152.34388489374962,-0.46136605882918585,0.4718934911242604,153.1105254698511,1.0511556468870555
2017-2026,roles,insider,SPY,buy,CEO,126,676,57.24560892642312,150.31507211329955,0.38083745110586387,0.47337278106508873,199.87622561112556,1.3962627230180769
2017-2026,roles,public,SPY,buy,CFO,126,311,-338.19846714968133,176.92897823970011,-1.9114927951005078,0.4340836012861736,-138.36792570004266,-0.8571259838524826
2017-2026,roles,insider,SPY,buy,CFO,126,311,-184.41978967455896,184.88309895814095,-0.9974940419854879,0.45016077170418006,-66.78710738866914,-0.3833782464008599
2017-2026,roles,public,SPY,buy,Other officer,126,1375,-249.39803424045522,158.99978154681327,-1.568543250903943,0.4087272727272727,-54.754954631547406,-0.3194573704446784
2017-2026,roles,insider,SPY,buy,Other officer,126,1377,-165.39454375507444,159.75818237179655,-1.0352805803095624,0.4095860566448802,-57.02246917554237,-0.3234748435606189
2017-2026,roles,public,SPY,buy,Director,126,3237,-240.85703840859938,162.84393818122044,-1.4790666517814268,0.45999382143960454,-71.14066863405039,-0.3527743992291101
2017-2026,roles,insider,SPY,buy,Director,126,3251,-159.8940054681298,162.6604306717997,-0.9829926356874601,0.4746231928637342,-81.33025828025889,-0.4150542203244792
2017-2026,roles,public,SPY,buy,10% owner,126,606,-19.549935315015464,579.4233919032556,-0.03374032803680741,0.4570957095709571,207.41575798962992,0.35708859441408736
2017-2026,roles,insider,SPY,buy,10% owner,126,608,16.242864768562775,568.1960466591178,0.028586726120443218,0.46381578947368424,152.02890935135744,0.2672847152104035
2017-2026,roles,public,SPY,buy,Other,126,13,,,,,,
2017-2026,roles,insider,SPY,buy,Other,126,13,,,,,,
2017-2026,mixed,public,SPY,buy,alone,126,2944,-273.71987384442133,168.95921316367992,-1.620035206835712,0.43783967391304346,,
2017-2026,mixed,public,SPY,buy,other side in the 30 days before,126,1294,-226.71691679708186,189.99815607889704,-1.1932585109033231,0.4420401854714065,47.0029570473397,0.25835263193651675
2017-2026,mixed,public,SPY,buy,"other side the same day, this side bigger",126,153,-444.45242370850383,295.89039680458313,-1.502084651980228,0.39215686274509803,,
2017-2026,mixed,public,SPY,buy,"other side the same day, other side bigger",126,292,88.54137884631187,147.66314255616624,0.5996173270701837,0.5376712328767124,,
2017-2026,several insiders,public,SPY,buy,1 insider,126,3753,-287.2805132235837,167.57430491079555,-1.7143470377305818,0.4329869437783107,,
2017-2026,several insiders,public,SPY,buy,2 or more insiders,126,485,-43.379861454207834,210.27456650656526,-0.20630103856546728,0.4865979381443299,243.90065176937568,0.9937021966344365
2017-2026,horizons,public,SPY,buy,all,252,3870,-417.5258372879781,352.4003498650946,-1.1848053994492762,0.4049095607235142,,
2017-2026,horizons,insider,SPY,buy,all,252,5794,-240.6489075722296,335.58196814460035,-0.7171091727685898,0.4301001035554021,,
2017-2026,roles,public,SPY,buy,CEO,252,640,-310.3144931034724,420.4808032898357,-0.7379991920572265,0.4390625,3.338237038117874,0.0229966863646256
2017-2026,roles,insider,SPY,buy,CEO,252,640,-220.23279271500274,417.57802466403433,-0.5274051307948802,0.4546875,22.95129404011879,0.15364908985761863
2017-2026,roles,public,SPY,buy,CFO,252,299,-243.1648391657342,461.14497502890947,-0.5273067090246186,0.42474916387959866,73.94967267890605,0.27810710060934574
2017-2026,roles,insider,SPY,buy,CFO,252,299,-72.95609406301007,494.8389148143346,-0.14743402727407456,0.45819397993311034,176.81749981299643,0.6260566036087869
2017-2026,roles,public,SPY,buy,Other officer,252,1328,-537.3021029558623,369.71107633948526,-1.4533026932157356,0.36370481927710846,-290.9935508425822,-0.9294058511516428
2017-2026,roles,insider,SPY,buy,Other officer,252,1335,-468.08654616294814,384.53400497030555,-1.217282581287173,0.36629213483146067,-295.5312128267823,-0.9928903434028804
2017-2026,roles,public,SPY,buy,Director,252,3030,-62.41716401552068,393.06089255717177,-0.15879769571947921,0.4636963696369637,528.2820236653371,1.8525149224518025
2017-2026,roles,insider,SPY,buy,Director,252,3045,5.819819749360738,374.5232892463883,0.015539273301458278,0.47257799671592776,519.4761026196039,2.0152996831191796
2017-2026,roles,public,SPY,buy,10% owner,252,460,-1360.2104935751242,327.45275164900585,-4.153913768399551,0.2826086956521739,-1137.622366613159,-2.676480214105682
2017-2026,roles,insider,SPY,buy,10% owner,252,462,-1336.709787813897,338.03218775901166,-3.954386109428307,0.28354978354978355,-1191.0308964966662,-2.6501037164900976
2017-2026,roles,public,SPY,buy,Other,252,13,,,,,,
2017-2026,roles,insider,SPY,buy,Other,252,13,,,,,,
2017-2026,mixed,public,SPY,buy,alone,252,2667,-445.2361158645892,482.64220869013786,-0.9224972616318274,0.39670041244844395,,
2017-2026,mixed,public,SPY,buy,other side in the 30 days before,252,1203,-356.0933244335962,132.9024118062067,-2.679359385538,0.4231088944305902,89.14279143099321,0.2000969879029293
2017-2026,mixed,public,SPY,buy,"other side the same day, this side bigger",252,147,-303.96134923832005,263.18215825675514,-1.1549466394366352,0.41496598639455784,,
2017-2026,mixed,public,SPY,buy,"other side the same day, other side bigger",252,274,-3.4574662899994006,273.16627500466666,-0.012657002735569516,0.5218978102189781,,
2017-2026,several insiders,public,SPY,buy,1 insider,252,3408,-494.716788344751,309.98549660145926,-1.5959352736453871,0.3955399061032864,,
2017-2026,several insiders,public,SPY,buy,2 or more insiders,252,462,151.8827367412037,738.0829990944123,0.20578002328675168,0.474025974025974,646.599525085955,1.2957220919910144
2017-2026,horizons,public,SPY,buy,all,504,3333,-973.5749186401987,680.4838192541683,-1.430709873024266,0.3513351335133513,,
2017-2026,horizons,insider,SPY,buy,all,504,5098,-756.5661298542528,663.6083589168529,-1.1400792646571336,0.3697528442526481,,
2017-2026,roles,public,SPY,buy,CEO,504,584,-929.4718252078804,1102.258347439662,-0.8432431719540776,0.3167808219178082,-87.16033989959078,-0.12775936294396192
2017-2026,roles,insider,SPY,buy,CEO,504,584,-850.5773864574987,1133.3986471866779,-0.7504662093684353,0.3321917808219178,-106.17398895953588,-0.15019625826536465
2017-2026,roles,public,SPY,buy,CFO,504,282,-671.2938300244463,896.8490448577938,-0.7485025867768951,0.3971631205673759,191.62651542758715,0.32410725951650127
2017-2026,roles,insider,SPY,buy,CFO,504,282,-492.6220576393615,928.8540652310747,-0.5303546338216326,0.40425531914893614,279.39926913445186,0.4830632565878302
2017-2026,roles,public,SPY,buy,Other officer,504,1275,-1213.9313373223035,767.2939225833743,-1.582094294758861,0.3176470588235294,-482.41725123237933,-1.4872260747335755
2017-2026,roles,insider,SPY,buy,Other officer,504,1277,-1191.057759816753,799.4454364571408,-1.4898549738367384,0.32576350822239625,-579.7012116066015,-1.8074512564739273
2017-2026,roles,public,SPY,buy,Director,504,2615,-401.8926100675858,608.9390737182964,-0.6599882113222821,0.421414913957935,925.9243242741351,3.08638129739481
2017-2026,roles,insider,SPY,buy,Director,504,2619,-275.22246054458725,598.0468524237158,-0.4602021721696017,0.42802596410843835,989.8709262366577,3.3354293276834657
2017-2026,roles,public,SPY,buy,10% owner,504,326,-3077.65596560148,292.90508668251556,-10.507348986183365,0.10429447852760736,-2377.564510103139,-3.048890990906383
2017-2026,roles,insider,SPY,buy,10% owner,504,326,-2997.0877065304726,288.19662724119274,-10.399454480854141,0.10736196319018405,-2393.5831931884636,-3.042826017351019
2017-2026,roles,public,SPY,buy,Other,504,10,,,,,,
2017-2026,roles,insider,SPY,buy,Other,504,10,,,,,,
2017-2026,mixed,public,SPY,buy,alone,504,2269,-980.8293731704962,891.162544886417,-1.1006178152331432,0.3543411194358748,,
2017-2026,mixed,public,SPY,buy,other side in the 30 days before,504,1064,-958.1046579924132,253.85295484121062,-3.7742505640390287,0.3449248120300752,22.72471517808274,0.03375822691201676
2017-2026,mixed,public,SPY,buy,"other side the same day, this side bigger",504,126,-1011.3181160894952,276.9261875609947,-3.6519410641391437,0.38095238095238093,,
2017-2026,mixed,public,SPY,buy,"other side the same day, other side bigger",504,256,-458.2148420648515,547.2286851903959,-0.837337030140198,0.44921875,,
2017-2026,several insiders,public,SPY,buy,1 insider,504,2909,-1041.3939168820898,624.7549144520426,-1.6668839136631222,0.35063595737366793,,
2017-2026,several insiders,public,SPY,buy,2 or more insiders,504,424,-508.2790085325095,1096.3350541253683,-0.4636164889738048,0.3561320754716981,533.1149083495799,0.9975296593205772
2017-2026,horizons,public,equal-weighted,buy,all,1,4417,1.9555111482530594,2.806807102461349,0.6967030782194581,0.4960380348652932,,
2017-2026,horizons,insider,equal-weighted,buy,all,1,6433,27.08808671625483,5.605923624711111,4.832047050525193,0.5450023317270325,,
2017-2026,roles,public,equal-weighted,buy,CEO,1,693,5.917054917919497,7.1938209639865605,0.8225190684535016,0.5122655122655123,5.302426968880849,0.733889449243633
2017-2026,roles,insider,equal-weighted,buy,CEO,1,693,54.30056175770736,10.27038750967663,5.287099606178058,0.5598845598845599,30.497883613530306,3.6773098892249694
2017-2026,roles,public,equal-weighted,buy,CFO,1,319,-2.221819158637076,9.258456945082473,-0.2399772631461197,0.4827586206896552,-3.585450790499242,-0.4065509453878589
2017-2026,roles,insider,equal-weighted,buy,CFO,1,319,55.49381493457282,17.66582300077416,3.141309348120432,0.5611285266457681,29.88780661243697,1.9803491738871475
2017-2026,roles,public,equal-weighted,buy,Other officer,1,1392,5.107566477891032,7.74343637315864,0.6595994635657598,0.4827586206896552,5.004660120347751,0.6299473578554754
2017-2026,roles,insider,equal-weighted,buy,Other officer,1,1392,33.81428560099017,14.883513720095479,2.2719289434547076,0.5237068965517241,8.583542437116114,0.6093434581912454
2017-2026,roles,public,equal-weighted,buy,Director,1,3348,-1.3387642872375856,4.40500505259647,-0.3039188993548303,0.4883512544802867,-5.264425979059768,-0.7811527492118613
2017-2026,roles,insider,equal-weighted,buy,Director,1,3348,14.92965572515413,4.951944792360916,3.0149075466643454,0.5415173237753883,-25.353383003484876,-2.1462347986441355
2017-2026,roles,public,equal-weighted,buy,10% owner,1,667,1.1751909990034624,9.407477645630006,0.12492094515359979,0.5217391304347826,-0.011876480924494245,-0.001192604241311306
2017-2026,roles,insider,equal-weighted,buy,10% owner,1,667,33.16948593132156,12.052226993477905,2.7521458025368517,0.5832083958020989,6.784884001131539,0.5475234570208082
2017-2026,roles,public,equal-weighted,buy,Other,1,14,,,,,,
2017-2026,roles,insider,equal-weighted,buy,Other,1,14,,,,,,
2017-2026,mixed,public,equal-weighted,buy,alone,1,3086,-2.6051295607776668,5.122262491618402,-0.5085896251979395,0.4909267660401815,,
2017-2026,mixed,public,equal-weighted,buy,other side in the 30 days before,1,1331,12.529618757621082,6.709116434782933,1.867551246042202,0.5078888054094666,15.134748318398751,1.4277837523099768
2017-2026,mixed,public,equal-weighted,buy,"other side the same day, this side bigger",1,158,-10.124168155556683,23.32538926441295,-0.4340406944891981,0.4177215189873418,,
2017-2026,mixed,public,equal-weighted,buy,"other side the same day, other side bigger",1,294,-5.832809700895871,9.31669045458921,-0.6260602656410839,0.4965986394557823,,
2017-2026,several insiders,public,equal-weighted,buy,1 insider,1,3916,0.8328845215336509,2.9025833441126685,0.28694594531557444,0.49540347293156284,,
2017-2026,several insiders,public,equal-weighted,buy,2 or more insiders,1,501,10.730373164686597,8.9952384414074,1.192894800352587,0.500998003992016,9.897488643152947,1.064701780309147
2017-2026,horizons,public,equal-weighted,buy,all,5,4417,-10.821355295015866,11.450137737048832,-0.9450851634737601,0.4933212587729228,,
2017-2026,horizons,insider,equal-weighted,buy,all,5,6433,65.49248973617604,10.534060740124906,6.2172120848621075,0.5690968443960827,,
2017-2026,roles,public,equal-weighted,buy,CEO,5,693,-3.4736555899446646,21.644232220138832,-0.1604887415092788,0.49927849927849927,-2.478100066306932,-0.12407474665372889
2017-2026,roles,insider,equal-weighted,buy,CEO,5,693,112.28183115325615,21.69580793469302,5.175277707621579,0.6233766233766234,52.43829849060563,2.6284903482250495
2017-2026,roles,public,equal-weighted,buy,CFO,5,319,-9.599106770558146,19.356131943678594,-0.49592071383317177,0.47648902821316613,-8.771560651862659,-0.5061233128220852
2017-2026,roles,insider,equal-weighted,buy,CFO,5,319,130.299422971215,31.210106764737347,4.174911157895603,0.6238244514106583,68.1882567060853,2.283177427813989
2017-2026,roles,public,equal-weighted,buy,Other officer,5,1392,-5.8672609844845685,14.794181548024909,-0.3965924688323076,0.46839080459770116,-5.876286031278905,-0.398798294791412
2017-2026,roles,insider,equal-weighted,buy,Other officer,5,1392,60.66924461567055,23.163836963836726,2.619136229908158,0.5675287356321839,-6.155115227179478,-0.24808363360194233
2017-2026,roles,public,equal-weighted,buy,Director,5,3348,-4.3373689218302145,9.037731932078065,-0.47991785488075583,0.4946236559139785,-6.41185161900214,-0.4624353168482649
2017-2026,roles,insider,equal-weighted,buy,Director,5,3348,52.95128784570924,11.310190945864626,4.681732439280342,0.5561529271206691,-26.151556486668717,-1.2682008691040088
2017-2026,roles,public,equal-weighted,buy,10% owner,5,667,29.28735295291085,44.18366257754998,0.6628548029830365,0.5112443778110944,34.083814355807824,0.7467055124383112
2017-2026,roles,insider,equal-weighted,buy,10% owner,5,667,53.41838868264337,42.547006363609796,1.255514623664141,0.5547226386806596,-13.470810280502231,-0.31604340925690233
2017-2026,roles,public,equal-weighted,buy,Other,5,14,,,,,,
2017-2026,roles,insider,equal-weighted,buy,Other,5,14,,,,,,
2017-2026,mixed,public,equal-weighted,buy,alone,5,3086,-18.20279312588593,15.497156369453533,-1.1745892402405824,0.4883344134802333,,
2017-2026,mixed,public,equal-weighted,buy,other side in the 30 days before,5,1331,6.292932568293698,10.733069555833886,0.5863124743166522,0.5048835462058603,24.495725694179644,1.369799031796996
2017-2026,mixed,public,equal-weighted,buy,"other side the same day, this side bigger",5,158,-23.759104274960848,26.612979216013095,-0.892763793264639,0.4050632911392405,,
2017-2026,mixed,public,equal-weighted,buy,"other side the same day, other side bigger",5,294,10.839782395399661,18.334926117858366,0.5912094941490724,0.5238095238095238,,
2017-2026,several insiders,public,equal-weighted,buy,1 insider,5,3916,-16.85619825953944,13.204189604616708,-1.2765795375769102,0.4931052093973442,,
2017-2026,several insiders,public,equal-weighted,buy,2 or more insiders,5,501,36.34919370513246,21.23822173241276,1.7114989269397285,0.49500998003992014,53.20539196467188,1.9879512972906932
2017-2026,horizons,public,equal-weighted,buy,all,21,4417,-2.738377485740905,31.679966229091914,-0.08643877540583472,0.484038940457324,,
2017-2026,horizons,insider,equal-weighted,buy,all,21,6433,67.05169158130263,24.186624576788883,2.7722632965349763,0.5241722369034665,,
2017-2026,roles,public,equal-weighted,buy,CEO,21,693,16.11667441958135,34.756706344736216,0.4636997032954524,0.5440115440115441,16.294517520430645,0.3948876534400869
2017-2026,roles,insider,equal-weighted,buy,CEO,21,693,117.55376195680876,43.644159834786464,2.6934591570053055,0.5598845598845599,56.599271554987936,1.1939067694236385
2017-2026,roles,public,equal-weighted,buy,CFO,21,319,-34.09980957286617,36.891392376129744,-0.9243296979739414,0.4952978056426332,-37.53878164150208,-0.9357013920888129
2017-2026,roles,insider,equal-weighted,buy,CFO,21,319,76.1143111063892,38.862053378877754,1.9585766702630987,0.5141065830721003,9.535464737468507,0.25022010165127645
2017-2026,roles,public,equal-weighted,buy,Other officer,21,1392,6.902140838249806,31.1279502441743,0.22173451139917458,0.4956896551724138,6.794968466289598,0.14799956262688213
2017-2026,roles,insider,equal-weighted,buy,Other officer,21,1392,84.81902200743656,34.50376822101623,2.458253877203283,0.521551724137931,22.67352442597095,0.48006898253000974
2017-2026,roles,public,equal-weighted,buy,Director,21,3348,-17.20159461159343,31.423322461090027,-0.5474148900993306,0.49193548387096775,-39.15912288825802,-0.7413427929910521
2017-2026,roles,insider,equal-weighted,buy,Director,21,3348,38.879163891157795,27.98449696278837,1.3893108010072976,0.5244922341696535,-58.746797611248546,-1.0766278709869608
2017-2026,roles,public,equal-weighted,buy,10% owner,21,667,81.31513776539168,164.36391425828006,0.4947262185397566,0.4707646176911544,88.96154097656428,0.5397679324217939
2017-2026,roles,insider,equal-weighted,buy,10% owner,21,667,107.95061662484751,163.39738225493178,0.6606630726581867,0.49025487256371814,45.63003551944589,0.28022056169267506
2017-2026,roles,public,equal-weighted,buy,Other,21,14,,,,,,
2017-2026,roles,insider,equal-weighted,buy,Other,21,14,,,,,,
2017-2026,mixed,public,equal-weighted,buy,alone,21,3086,2.361852021759453,38.405255808272145,0.06149814581499889,0.48088139987038236,,
2017-2026,mixed,public,equal-weighted,buy,other side in the 30 days before,21,1331,-14.563552737541137,40.79479438838252,-0.3569953705095404,0.49135987978963186,-16.925404759300562,-0.3359093861289451
2017-2026,mixed,public,equal-weighted,buy,"other side the same day, this side bigger",21,158,-38.93775785965374,62.33150030306508,-0.6246882823344945,0.44936708860759494,,
2017-2026,mixed,public,equal-weighted,buy,"other side the same day, other side bigger",21,294,9.638817005266686,30.3071408354025,0.31803782011687987,0.5340136054421769,,
2017-2026,several insiders,public,equal-weighted,buy,1 insider,21,3916,-3.576685419564058,34.724682906735396,-0.10300124062098504,0.4811031664964249,,
2017-2026,several insiders,public,equal-weighted,buy,2 or more insiders,21,501,3.8141452065772854,37.88533836214531,0.10067602327100621,0.5069860279441117,7.390830626141355,0.15523684785792582
2017-2026,horizons,public,equal-weighted,buy,all,63,4417,-58.99647284594619,77.51782949274346,-0.7610697207597759,0.4754358161648177,,
2017-2026,horizons,insider,equal-weighted,buy,all,63,6433,50.12198999984398,57.67748866504047,0.869004375189171,0.5075392507383802,,
2017-2026,roles,public,equal-weighted,buy,CEO,63,693,74.10853010303423,96.67548500162064,0.7665700368794828,0.5180375180375181,115.58702152597435,1.0645882183068451
2017-2026,roles,insider,equal-weighted,buy,CEO,63,693,194.18164941954905,108.28029716936102,1.793323942543581,0.5238095238095238,161.45222805696235,1.3828731345284726
2017-2026,roles,public,equal-weighted,buy,CFO,63,319,-108.66221636712936,90.75376669036972,-1.1973300980207138,0.46394984326018807,-83.79043318342679,-0.8696786169800814
2017-2026,roles,insider,equal-weighted,buy,CFO,63,319,-9.51303282228554,97.25195150431512,-0.09781842600725027,0.4952978056426332,-62.746500133261264,-0.6340786541430581
2017-2026,roles,public,equal-weighted,buy,Other officer,63,1392,-36.95505322137105,73.42713809252305,-0.5032887591888062,0.4849137931034483,-10.117541751003213,-0.1046457438972779
2017-2026,roles,insider,equal-weighted,buy,Other officer,63,1392,44.61247988075189,83.60070069513297,0.5336376311418778,0.5136494252873564,-7.030882482864376,-0.06808891856020231
2017-2026,roles,public,equal-weighted,buy,Director,63,3348,-79.76137692005163,68.76949520155495,-1.1598365915916764,0.48566308243727596,-105.79436250256691,-0.8587052829768488
2017-2026,roles,insider,equal-weighted,buy,Director,63,3348,-2.6112763843274176,69.32145956688807,-0.03766909122575247,0.5026881720430108,-109.96210782799827,-0.8524370470362638
2017-2026,roles,public,equal-weighted,buy,10% owner,63,667,171.266052027122,371.8405108375121,0.4605900837468521,0.4827586206896552,223.46233820616527,0.5936301358658377
2017-2026,roles,insider,equal-weighted,buy,10% owner,63,667,201.05333032499323,363.5188007456975,0.5530754665578953,0.5082458770614693,168.39079297809297,0.46098695036591175
2017-2026,roles,public,equal-weighted,buy,Other,63,14,,,,,,
2017-2026,roles,insider,equal-weighted,buy,Other,63,14,,,,,,
2017-2026,mixed,public,equal-weighted,buy,alone,63,3086,-25.218862244619743,103.12331393963672,-0.24455054130030787,0.4740764744005185,,
2017-2026,mixed,public,equal-weighted,buy,other side in the 30 days before,63,1331,-137.31180441295854,87.54487602848933,-1.5684733435258253,0.47858752817430505,-112.09294216833891,-0.8402459053958121
2017-2026,mixed,public,equal-weighted,buy,"other side the same day, this side bigger",63,158,-9.948960780108488,153.30177839331458,-0.06489788236235071,0.4873417721518987,,
2017-2026,mixed,public,equal-weighted,buy,"other side the same day, other side bigger",63,294,57.64781359016701,87.54531019569315,0.6584911683025031,0.5170068027210885,,
2017-2026,several insiders,public,equal-weighted,buy,1 insider,63,3916,-75.47795267865318,85.57724409845258,-0.881986250828776,0.4716547497446374,,
2017-2026,several insiders,public,equal-weighted,buy,2 or more insiders,63,501,69.82882660491347,89.96966638333994,0.7761374406723817,0.5049900199600799,145.30677928356673,1.2260844769887551
2017-2026,horizons,public,equal-weighted,buy,all,126,4238,-139.5757656305575,108.72405447095541,-1.2837615954420079,0.4577630957999056,,
2017-2026,horizons,insider,equal-weighted,buy,all,126,6236,4.3405297062135455,86.28626306866165,0.05030383228857184,0.48059653624118026,,
2017-2026,roles,public,equal-weighted,buy,CEO,126,676,108.42476631984107,155.20312586846376,0.6985991146320866,0.4970414201183432,218.63166231908627,1.307809716425987
2017-2026,roles,insider,equal-weighted,buy,CEO,126,676,235.67102123830261,149.09366526058906,1.5806910429520384,0.49556213017751477,259.45628510685384,1.599695099741251
2017-2026,roles,public,equal-weighted,buy,CFO,126,311,-208.1389650483889,138.27366572863045,-1.5052682949541014,0.45016077170418006,-128.1084491408967,-0.8452687253542756
2017-2026,roles,insider,equal-weighted,buy,CFO,126,311,-62.70610859957926,145.30903008470034,-0.43153621328989666,0.47266881028938906,-70.56587957382654,-0.44115305083383505
2017-2026,roles,public,equal-weighted,buy,Other officer,126,1375,-151.32477208815322,143.61640850929734,-1.053673279111118,0.43418181818181817,-83.30909709860207,-0.4946415231300232
2017-2026,roles,insider,equal-weighted,buy,Other officer,126,1377,-60.06670610982218,143.17668327947004,-0.4195285484618785,0.4262890341321714,-82.65970828335023,-0.47518543524596324
2017-2026,roles,public,equal-weighted,buy,Director,126,3237,-116.95274499943649,104.15267158106013,-1.122897216404231,0.48007414272474513,-63.65001436125094,-0.3493319023937273
2017-2026,roles,insider,equal-weighted,buy,Director,126,3251,-30.981376189088827,104.6920145203136,-0.2959287423309392,0.49861581051984005,-73.79142551527814,-0.412609391340789
2017-2026,roles,public,equal-weighted,buy,10% owner,126,606,59.132033862078025,552.3880372142402,0.10704799865016636,0.48184818481848185,161.28910587134845,0.29150889432582927
2017-2026,roles,insider,equal-weighted,buy,10% owner,126,608,106.42551484806287,539.3418178251181,0.19732479724494756,0.49506578947368424,113.11335596030048,0.20887092062119686
2017-2026,roles,public,equal-weighted,buy,Other,126,13,,,,,,
2017-2026,roles,insider,equal-weighted,buy,Other,126,13,,,,,,
2017-2026,mixed,public,equal-weighted,buy,alone,126,2944,-167.66596638001252,115.1164938301023,-1.4564895159808005,0.45584239130434784,,
2017-2026,mixed,public,equal-weighted,buy,other side in the 30 days before,126,1294,-75.66730271989641,168.1210876098534,-0.4500762146833841,0.46213292117465227,91.99866366011597,0.5496847168183508
2017-2026,mixed,public,equal-weighted,buy,"other side the same day, this side bigger",126,153,-245.1363611864879,267.99683198250057,-0.9146987274927736,0.46405228758169936,,
2017-2026,mixed,public,equal-weighted,buy,"other side the same day, other side bigger",126,292,216.73652138710955,159.29648809615355,1.360585685079789,0.547945205479452,,
2017-2026,several insiders,public,equal-weighted,buy,1 insider,126,3753,-166.42523748134303,122.74239486151784,-1.3558904213096843,0.4529709565680789,,
2017-2026,several insiders,public,equal-weighted,buy,2 or more insiders,126,485,68.18932273232481,177.3906950083324,0.38440191425554665,0.4948453608247423,234.61456021366783,1.0453979849547756
2017-2026,horizons,public,equal-weighted,buy,all,252,3870,-246.09375649625835,175.17003535035647,-1.4048850078956014,0.434625322997416,,
2017-2026,horizons,insider,equal-weighted,buy,all,252,5794,-61.71351775758461,164.95824485551393,-0.3741159940907419,0.46237487055574733,,
2017-2026,roles,public,equal-weighted,buy,CEO,252,640,-8.709867578488018,256.49021115578415,-0.0339578946862729,0.471875,147.6553254309096,0.9733262810011031
2017-2026,roles,insider,equal-weighted,buy,CEO,252,640,79.06149009171104,261.49308003143966,0.3023463951023307,0.471875,158.2558004421452,1.0149988278179949
2017-2026,roles,public,equal-weighted,buy,CFO,252,299,-31.14709726541216,291.25318396000006,-0.10694165413721218,0.4816053511705686,114.7887048376921,0.45918761175010064
2017-2026,roles,insider,equal-weighted,buy,CFO,252,299,130.84657532340927,324.0593359562336,0.4037735093707684,0.4782608695652174,203.037885224983,0.7532886440985591
2017-2026,roles,public,equal-weighted,buy,Other officer,252,1328,-384.73884452248745,255.90198055193076,-1.503461769591156,0.42093373493975905,-317.92331776368957,-1.0265907801413605
2017-2026,roles,insider,equal-weighted,buy,Other officer,252,1335,-305.7779103345393,264.13966867056024,-1.1576372147112481,0.41797752808988764,-317.135925227826,-1.061696929083495
2017-2026,roles,public,equal-weighted,buy,Director,252,3030,97.17573686073705,220.71942472336292,0.4402681684338909,0.49504950495049505,499.42764856747993,1.803011929309557
2017-2026,roles,insider,equal-weighted,buy,Director,252,3045,169.9948567404142,207.75646175910708,0.818241008250914,0.502791461412151,488.3660683308134,1.926623293998522
2017-2026,roles,public,equal-weighted,buy,10% owner,252,460,-1245.4462801976608,335.1326608443697,-3.716278434515299,0.29347826086956524,-1201.2235934749647,-3.1655082557881404
2017-2026,roles,insider,equal-weighted,buy,10% owner,252,462,-1200.8082010862038,340.71586175691107,-3.5243683545996416,0.30303030303030304,-1237.7934349598688,-3.1593325874575497
2017-2026,roles,public,equal-weighted,buy,Other,252,13,,,,,,
2017-2026,roles,insider,equal-weighted,buy,Other,252,13,,,,,,
2017-2026,mixed,public,equal-weighted,buy,alone,252,2667,-252.97306628835813,303.3541101833109,-0.8339200221664755,0.42819647544056993,,
2017-2026,mixed,public,equal-weighted,buy,other side in the 30 days before,252,1203,-230.84261832873563,213.43213062402668,-1.0815738832471224,0.4488778054862843,22.130447959622266,0.04726171233115129
2017-2026,mixed,public,equal-weighted,buy,"other side the same day, this side bigger",252,147,-50.357007604458396,340.05582458294396,-0.14808453190360127,0.4897959183673469,,
2017-2026,mixed,public,equal-weighted,buy,"other side the same day, other side bigger",252,274,198.08990138097178,176.20050167600442,1.1242300645954877,0.551094890510949,,
2017-2026,several insiders,public,equal-weighted,buy,1 insider,252,3408,-317.35399067493927,145.66597272845607,-2.17864189371485,0.4251760563380282,,
2017-2026,several insiders,public,equal-weighted,buy,2 or more insiders,252,462,279.5661527698544,506.8311284604404,0.5515962557766918,0.5043290043290043,596.9201434447937,1.4097894877625154
2017-2026,horizons,public,equal-weighted,buy,all,504,3333,-527.562838605036,341.9859329866353,-1.542644850908686,0.3771377137713771,,
2017-2026,horizons,insider,equal-weighted,buy,all,504,5098,-295.95849141842604,354.50600753151093,-0.8348476052048828,0.40329540996469204,,
2017-2026,roles,public,equal-weighted,buy,CEO,504,584,-254.89587815825016,673.0408729195715,-0.3787227320274652,0.3356164383561644,157.88642030813426,0.265154311727032
2017-2026,roles,insider,equal-weighted,buy,CEO,504,584,-175.76733467356308,710.2029384166236,-0.24748888686018553,0.351027397260274,135.7409209316145,0.21816114658178895
2017-2026,roles,public,equal-weighted,buy,CFO,504,282,-131.97509351214123,542.3959691162519,-0.24331872105755817,0.4219858156028369,278.10075221768216,0.4654633361760579
2017-2026,roles,insider,equal-weighted,buy,CFO,504,282,33.01559347106014,564.0236493910113,0.058535831798379026,0.42907801418439717,348.23710231864675,0.5973968203252835
2017-2026,roles,public,equal-weighted,buy,Other officer,504,1275,-816.5504255051299,493.8993996578275,-1.653272763787189,0.3333333333333333,-562.796167760347,-1.7757036611339687
2017-2026,roles,insider,equal-weighted,buy,Other officer,504,1277,-790.5851569969409,519.1003017093942,-1.5229911336856263,0.3422083007047768,-659.9337192146734,-2.0447710519790188
2017-2026,roles,public,equal-weighted,buy,Director,504,2615,27.26523160170481,336.5209675818027,0.08102089981979228,0.4462715105162524,867.3864972332489,2.9403873021874536
2017-2026,roles,insider,equal-weighted,buy,Director,504,2619,155.70460702104077,331.5708712923898,0.4695967604576925,0.47040855288277966,928.8335925148854,3.070406792406414
2017-2026,roles,public,equal-weighted,buy,10% owner,504,326,-2626.007670483041,505.65468474997493,-5.193282589246635,0.1656441717791411,-2383.959140530586,-3.2512878201271054
2017-2026,roles,insider,equal-weighted,buy,10% owner,504,326,-2513.5676343866953,485.7432281583746,-5.174683842565391,0.17177914110429449,-2369.105492634586,-3.2860512872735086
2017-2026,roles,public,equal-weighted,buy,Other,504,10,,,,,,
2017-2026,roles,insider,equal-weighted,buy,Other,504,10,,,,,,
2017-2026,mixed,public,equal-weighted,buy,alone,504,2269,-498.63990861943824,537.5174274927131,-0.9276720774345463,0.377699427060379,,
2017-2026,mixed,public,equal-weighted,buy,other side in the 30 days before,504,1064,-589.2415304634203,258.8176877415451,-2.276666388627333,0.37593984962406013,-90.60162184398212,-0.13320887295039158
2017-2026,mixed,public,equal-weighted,buy,"other side the same day, this side bigger",504,126,-423.8920720338131,530.6417357054987,-0.7988291223837496,0.3888888888888889,,
2017-2026,mixed,public,equal-weighted,buy,"other side the same day, other side bigger",504,256,-32.38688933345446,390.7059780538299,-0.08289325260590798,0.453125,,
2017-2026,several insiders,public,equal-weighted,buy,1 insider,504,2909,-586.4959299141804,298.3278608170838,-1.9659442075166536,0.37641801306290823,,
2017-2026,several insiders,public,equal-weighted,buy,2 or more insiders,504,424,-123.23179469394948,707.6110271911471,-0.17415188565265372,0.38207547169811323,463.2641352202311,0.9738019606579987
2017-2026,timing,insider,SPY,buy,20 days before the trade,0,6429,-396.3805638229139,57.02505391027091,-6.9509897254392765,0.34826567117747703,,
2017-2026,timing,insider,SPY,buy,from trade to public,0,6433,69.5745264552694,9.225847742340761,7.541261074141368,0.5869734183118296,,
2017-2026,timing,insider,SPY,buy,from trade to the close on the filing day,0,6433,25.08334390564446,8.028398419916975,3.1243272435779113,0.44007461526503966,,
2017-2026,timing,insider,SPY,buy,the day after the filing,0,6433,43.57027740085941,3.882768977809635,11.221444708626075,0.5813772734338567,,
2017-2026,horizons,public,SPY,sell,all,1,52841,0.5353283555947899,0.9862250302851402,0.5428054847076983,0.5037565526768987,,
2017-2026,horizons,insider,SPY,sell,all,1,72466,-3.5675996613738485,1.0307523590325902,-3.4611608017295334,0.49056109071840587,,
2017-2026,roles,public,SPY,sell,CEO,1,9677,3.0877261511243863,1.8529885495565048,1.6663492884850282,0.5085253694326755,2.151158009753439,1.2104167211806613
2017-2026,roles,insider,SPY,sell,CEO,1,9677,-2.181328189549061,2.0742897214972036,-1.0516024675543385,0.4968481967551927,1.5999227329190606,0.799969519655516
2017-2026,roles,public,SPY,sell,CFO,1,5268,0.7453408166301716,2.9311246299817943,0.25428492838764105,0.4998101746393318,-0.516001002634731,-0.19118139833242895
2017-2026,roles,insider,SPY,sell,CFO,1,5268,-4.778014962854279,2.7904000491244667,-1.712304644043229,0.48424449506454065,-1.3053060394220184,-0.5034415506963155
2017-2026,roles,public,SPY,sell,Other officer,1,42754,0.7669681873404037,1.1816008932943631,0.6490924234172315,0.49967254525892313,-1.1142631370880813,-0.8209254056250177
2017-2026,roles,insider,SPY,sell,Other officer,1,42754,-3.4225931377745935,1.3242074044224914,-2.5846352515052144,0.49090143612293585,0.353663258587224,0.24006219952852
2017-2026,roles,public,SPY,sell,Director,1,12640,0.28578189901473383,1.7437455246027034,0.16388968171250023,0.5082278481012659,-1.1362389579609014,-0.6484511405537364
2017-2026,roles,insider,SPY,sell,Director,1,12640,-4.132336389401979,1.8288585346330264,-2.2595166936906694,0.4891613924050633,-0.6840539520156188,-0.2887607337960181
2017-2026,roles,public,SPY,sell,10% owner,1,1464,7.234667613502646,4.640827750947927,1.5589175038924699,0.5355191256830601,6.134775362484326,1.3180032057297664
2017-2026,roles,insider,SPY,sell,10% owner,1,1464,-1.8561442701841075,4.820257150923186,-0.3850716283525693,0.5027322404371585,1.7467441252071165,0.357085769668751
2017-2026,roles,public,SPY,sell,Other,1,663,11.89280110899938,8.222297713336484,1.4464084765149499,0.5399698340874811,10.767483561575123,1.2995294096143288
2017-2026,roles,insider,SPY,sell,Other,1,663,-16.54706962372419,6.446495149540254,-2.5668319357851814,0.42684766214177977,-13.099317163512403,-2.024211090281241
2017-2026,mixed,public,SPY,sell,alone,1,50391,0.7947008954866428,1.0014068648723702,0.7935844294296184,0.5041971780675121,,
2017-2026,mixed,public,SPY,sell,other side in the 30 days before,1,2450,-4.799382525095154,3.1289857485200256,-1.5338460801124474,0.4946938775510204,-5.5940834205817955,-1.7760214324207626
2017-2026,mixed,public,SPY,sell,"other side the same day, this side bigger",1,294,-7.68321752292826,8.924784916920633,-0.8608854548821153,0.47278911564625853,,
2017-2026,mixed,public,SPY,sell,"other side the same day, other side bigger",1,158,-18.955771636114193,25.20075693689457,-0.7521905664810585,0.41139240506329117,,
2017-2026,several insiders,public,SPY,sell,1 insider,1,41844,0.21183884404046285,1.0566264509981163,0.2004860315964592,0.50360864162126,,
2017-2026,several insiders,public,SPY,sell,2 or more insiders,1,10997,1.7662181547654066,1.5833809316723988,1.1154726695488821,0.5043193598254069,1.554379310724945,0.9555809265709792
2017-2026,horizons,public,SPY,sell,all,5,52841,4.469668433731174,3.04969522137964,1.4656115150120337,0.5013341912530043,,
2017-2026,horizons,insider,SPY,sell,all,5,72466,-5.837777408333149,3.5323694427895047,-1.6526519954614567,0.48591063395247425,,
2017-2026,roles,public,SPY,sell,CEO,5,9677,14.546346136554662,5.6058429725030505,2.594854370324899,0.5090420584892011,8.14180635474566,1.5561794301892904
2017-2026,roles,insider,SPY,sell,CEO,5,9677,0.8977511701194606,6.236136226175695,0.1439595187724123,0.49591815645344633,7.7736038791212945,1.3403350326120205
2017-2026,roles,public,SPY,sell,CFO,5,5268,10.354825325906518,6.996669236955128,1.4799649626445428,0.5087319665907365,3.0874896893314663,0.49583718104505314
2017-2026,roles,insider,SPY,sell,CFO,5,5268,-10.594777730057245,6.596985543557786,-1.6060028720850328,0.4832953682611997,-5.129926267360013,-0.933183726181624
2017-2026,roles,public,SPY,sell,Other officer,5,42754,4.865787598348097,3.9479247283104826,1.2324924949697342,0.4987837395331431,-6.404667333789426,-1.7855954257573874
2017-2026,roles,insider,SPY,sell,Other officer,5,42754,-7.205639215317432,3.963136146204611,-1.8181659548128517,0.48339336670253075,-3.336142760666506,-1.0506279774127012
2017-2026,roles,public,SPY,sell,Director,5,12640,7.608310465099289,4.507371171304076,1.6879706986496184,0.49920886075949367,0.14114576004479848,0.031493076928693325
2017-2026,roles,insider,SPY,sell,Director,5,12640,-6.915969015335737,4.780428509231043,-1.4467257489534566,0.4853639240506329,-1.3059912578652906,-0.2585888973207746
2017-2026,roles,public,SPY,sell,10% owner,5,1464,14.236435072007481,12.759402015310886,1.1157603667416545,0.49385245901639346,6.883719669933933,0.5382449261145924
2017-2026,roles,insider,SPY,sell,10% owner,5,1464,4.223394744720717,13.145538855124624,0.32127969733810335,0.4931693989071038,10.268624844979033,0.7950036378809195
2017-2026,roles,public,SPY,sell,Other,5,663,34.00054349785988,16.780678500229698,2.0261721537299264,0.5656108597285068,26.753530426200438,1.6273525463933618
2017-2026,roles,insider,SPY,sell,Other,5,663,20.196185212186567,16.341955985065955,1.2358487093370456,0.5173453996983409,26.27434975221898,1.5730518144790855
2017-2026,mixed,public,SPY,sell,alone,5,50391,4.778333902363542,3.145309563193161,1.5191935185904286,0.5021531622710405,,
2017-2026,mixed,public,SPY,sell,other side in the 30 days before,5,2450,-1.8788873335560536,8.467358567770475,-0.22189769318470945,0.4844897959183673,-6.657221235919596,-0.7529008341305993
2017-2026,mixed,public,SPY,sell,"other side the same day, this side bigger",5,294,0.1563478174873036,19.344810920452915,0.008082157955961197,0.5102040816326531,,
2017-2026,mixed,public,SPY,sell,"other side the same day, other side bigger",5,158,-39.20113702015401,27.587705213869942,-1.420964038735825,0.37341772151898733,,
2017-2026,several insiders,public,SPY,sell,1 insider,5,41844,2.701863605832763,3.021823003148386,0.8941170952162775,0.5008125418220055,,
2017-2026,several insiders,public,SPY,sell,2 or more insiders,5,10997,11.196232516533845,4.97418356247057,2.25086838391081,0.5033190870237337,8.494368910701082,1.9516461172986086
2017-2026,horizons,public,SPY,sell,all,21,52841,-10.271324163253608,10.351370332393762,-0.9922670944454904,0.4872542154766185,,
2017-2026,horizons,insider,SPY,sell,all,21,72466,-12.081611375844334,10.62012767489982,-1.1376145132792201,0.4878011757237877,,
2017-2026,roles,public,SPY,sell,CEO,21,9677,19.126402891228572,16.871969768938836,1.133620030924909,0.5050118838483001,28.10468782729664,2.1085343753591608
2017-2026,roles,insider,SPY,sell,CEO,21,9677,11.045705822180285,17.60808408119537,0.6273087844904486,0.5040818435465537,26.691684340761167,1.9305273511068426
2017-2026,roles,public,SPY,sell,CFO,21,5268,-16.255844750504718,17.041873991117516,-0.9538765959059147,0.48082763857251326,-11.895364648021017,-0.9057874670902902
2017-2026,roles,insider,SPY,sell,CFO,21,5268,-25.93902868596408,15.653056990152002,-1.6571222287303633,0.48253606681852695,-14.943772177671015,-1.284984658834593
2017-2026,roles,public,SPY,sell,Other officer,21,42754,-13.509791827208966,10.892414037974193,-1.2402936373984514,0.48881975955466156,-20.20561532304003,-2.5434468083087363
2017-2026,roles,insider,SPY,sell,Other officer,21,42754,-19.428614304944066,11.206000433565752,-1.733768833949784,0.4843523413013987,-17.918952418556195,-2.1688437246182093
2017-2026,roles,public,SPY,sell,Director,21,12640,4.913030606807247,12.648716265617361,0.3884212835228343,0.49659810126582277,12.280262896153065,1.131328520281641
2017-2026,roles,insider,SPY,sell,Director,21,12640,-2.2004768282963822,12.79453197328276,-0.17198572272056267,0.49050632911392406,11.968814497419345,1.0494566163238357
2017-2026,roles,public,SPY,sell,10% owner,21,1464,28.46250530896015,39.756817727649796,0.7159150791177444,0.4801912568306011,34.38234474791506,0.8547984951366668
2017-2026,roles,insider,SPY,sell,10% owner,21,1464,13.887729142682645,37.896208087614994,0.36646751333470085,0.4781420765027322,26.50480592117946,0.6894588744544634
2017-2026,roles,public,SPY,sell,Other,21,663,-6.446331171928187,37.68357267373877,-0.17106475619336797,0.4917043740573152,-1.2323789066276936,-0.03459196869769133
2017-2026,roles,insider,SPY,sell,Other,21,663,-11.485934309438209,36.167670418113374,-0.31757462332121505,0.4841628959276018,0.6011773086666081,0.016994659700332444
2017-2026,mixed,public,SPY,sell,alone,21,50391,-10.696161138823404,10.375342150528933,-1.030921292391125,0.4862971562382171,,
2017-2026,mixed,public,SPY,sell,other side in the 30 days before,21,2450,-1.533381291442306,24.13192392558591,-0.0635416097021811,0.506938775510204,9.162779847381104,0.4057195386085066
2017-2026,mixed,public,SPY,sell,"other side the same day, this side bigger",21,294,-17.740355946200516,30.902484411871953,-0.5740753950315114,0.5170068027210885,,
2017-2026,mixed,public,SPY,sell,"other side the same day, other side bigger",21,158,-77.1961621673095,71.34821764177653,-1.081963428363329,0.4240506329113924,,
2017-2026,several insiders,public,SPY,sell,1 insider,21,41844,-12.174539907667555,10.62710462540299,-1.1456121245447777,0.4856371283816079,,
2017-2026,several insiders,public,SPY,sell,2 or more insiders,21,10997,-3.0295164330310866,12.725017065113422,-0.23807562830990073,0.4934072928980631,9.145023474636455,0.9273965123311925
2017-2026,horizons,public,SPY,sell,all,63,52841,-39.27692185489431,24.97739306500969,-1.572498849366171,0.4708465017694593,,
2017-2026,horizons,insider,SPY,sell,all,63,72466,-43.259886604009445,25.60551839814264,-1.6894751331083149,0.46998592443352744,,
2017-2026,roles,public,SPY,sell,CEO,63,9677,13.995054608348047,47.35301695445778,0.2955472641121879,0.4892011987186111,57.08702986998271,1.4514710190821036
2017-2026,roles,insider,SPY,sell,CEO,63,9677,11.48121272108577,47.699533006741646,0.24069863995236734,0.4852743618890152,63.17776208718641,1.618155832145099
2017-2026,roles,public,SPY,sell,CFO,63,5268,-79.35026122755288,35.392937582329616,-2.2419800855176693,0.4544419134396355,-47.321708069556344,-1.7772215869115053
2017-2026,roles,insider,SPY,sell,CFO,63,5268,-98.40743351831938,32.27556751574972,-3.0489760860223094,0.4552012148823083,-59.47084935105779,-2.283238125278562
2017-2026,roles,public,SPY,sell,Other officer,63,42754,-70.06374599788572,27.214439839186713,-2.5745062699030563,0.46299761425831504,-84.37558987025402,-3.5456029859071267
2017-2026,roles,insider,SPY,sell,Other officer,63,42754,-76.67686216309481,26.374638638004345,-2.907219439685814,0.4615240679234692,-81.50223986485864,-3.564469553949878
2017-2026,roles,public,SPY,sell,Director,63,12640,44.26042402330755,40.875935951380654,1.082799035499824,0.4939873417721519,96.57419480712073,2.56824988869418
2017-2026,roles,insider,SPY,sell,Director,63,12640,31.854713765813223,40.62102895506686,0.7841926850511213,0.4884493670886076,90.98476632901358,2.471846228506476
2017-2026,roles,public,SPY,sell,10% owner,63,1464,113.51902690255885,107.1991811733212,1.0589542350983039,0.5,152.05968416070846,1.3825856676790143
2017-2026,roles,insider,SPY,sell,10% owner,63,1464,116.40943659834652,105.14165781461675,1.1071675967255228,0.505464480874317,162.96156693025458,1.4937473647834576
2017-2026,roles,public,SPY,sell,Other,63,663,-26.882469385192355,92.40601835466747,-0.29091686736261707,0.4856711915535445,8.665471704392157,0.09386080910210105
2017-2026,roles,insider,SPY,sell,Other,63,663,-33.768794317483334,92.00588538260237,-0.3670286327560167,0.4796380090497738,9.57872921236442,0.10344896951087224
2017-2026,mixed,public,SPY,sell,alone,63,50391,-42.82982902356978,24.83812602975098,-1.724358309973483,0.46829791034113233,,
2017-2026,mixed,public,SPY,sell,other side in the 30 days before,63,2450,33.798402690707285,55.2784343134103,0.6114211285196973,0.5232653061224489,76.62823171427705,1.5332326301929373
2017-2026,mixed,public,SPY,sell,"other side the same day, this side bigger",63,294,-4.237249732844678,83.52174968940658,-0.05073229127265406,0.5272108843537415,,
2017-2026,mixed,public,SPY,sell,"other side the same day, other side bigger",63,158,-97.65921838917934,158.57777402653323,-0.6158443009348775,0.45569620253164556,,
2017-2026,several insiders,public,SPY,sell,1 insider,63,41844,-39.784462705494335,24.536251963403075,-1.6214563970420037,0.4698881560080298,,
2017-2026,several insiders,public,SPY,sell,2 or more insiders,63,10997,-37.3457097650056,33.55712628239953,-1.1128995209757624,0.4744930435573338,2.4387529404887585,0.10592990264033118
2017-2026,horizons,public,SPY,sell,all,126,51584,-98.03073240620256,42.84062129818732,-2.2882658896067514,0.45248526674937967,,
2017-2026,horizons,insider,SPY,sell,all,126,70872,-99.53248024916603,44.70831804387827,-2.226263134110334,0.45522914550174964,,
2017-2026,roles,public,SPY,sell,CEO,126,9472,-68.15862663733512,81.11461209241612,-0.8402755666226956,0.4614653716216216,27.38100988492772,0.40991179527239635
2017-2026,roles,insider,SPY,sell,CEO,126,9481,-75.40399613161155,81.1115999015726,-0.9296327063343947,0.4591287838835566,27.85479836424431,0.4239358607758187
2017-2026,roles,public,SPY,sell,CFO,126,5137,-146.45826920831624,68.62067763191058,-2.1343168599111726,0.43994549347868406,-58.849722982155704,-1.072765604434978
2017-2026,roles,insider,SPY,sell,CFO,126,5142,-164.27375432150333,65.55381099178402,-2.505937516616571,0.43912874367950216,-69.80592691396147,-1.3158115581878866
2017-2026,roles,public,SPY,sell,Other officer,126,41900,-125.22182187567127,45.91108832064062,-2.7274853734925353,0.44976133651551314,-81.65799598823261,-2.2115690444825735
2017-2026,roles,insider,SPY,sell,Other officer,126,41926,-131.58201787893805,45.86628543114352,-2.8688178395539516,0.4472642274483614,-78.47076732181311,-2.1849531485514064
2017-2026,roles,public,SPY,sell,Director,126,12273,7.151726055716759,48.991185315830414,0.14597985351062404,0.47836714739672453,119.78894849120039,2.8800632873839693
2017-2026,roles,insider,SPY,sell,Director,126,12283,-2.537071514385792,50.91472218865361,-0.049829821421498006,0.47626801270048036,117.33019180821215,2.7696511605000733
2017-2026,roles,public,SPY,sell,10% owner,126,1382,125.82134252027049,189.55303177569337,0.6637791088942356,0.5419681620839363,222.03163903744564,1.1949534507225255
2017-2026,roles,insider,SPY,sell,10% owner,126,1386,123.84742573596218,185.39392764534233,0.6680230971366101,0.5425685425685426,227.83554524620823,1.2585422117438085
2017-2026,roles,public,SPY,sell,Other,126,654,-188.81086517708943,157.28454244268394,-1.200441329101962,0.42660550458715596,-97.83699328013708,-0.6431271425943985
2017-2026,roles,insider,SPY,sell,Other,126,654,-180.80582452660875,147.66393368895504,-1.224441337906283,0.45565749235474007,-82.03031210844682,-0.5708519363962732
2017-2026,mixed,public,SPY,sell,alone,126,49185,-106.4153977306079,41.467474570256535,-2.5662377280852477,0.44879536444037815,,
2017-2026,mixed,public,SPY,sell,other side in the 30 days before,126,2399,73.8741296116707,118.43862803809118,0.6237334122775549,0.5281367236348479,180.2895273422786,1.7131915749625035
2017-2026,mixed,public,SPY,sell,"other side the same day, this side bigger",126,292,88.54137884631187,147.66314255616624,0.5996173270701837,0.5376712328767124,,
2017-2026,mixed,public,SPY,sell,"other side the same day, other side bigger",126,153,-444.45242370850383,295.89039680458313,-1.502084651980228,0.39215686274509803,,
2017-2026,several insiders,public,SPY,sell,1 insider,126,40812,-95.98806522949965,41.733824631100234,-2.300006435498579,0.4497696755856121,,
2017-2026,several insiders,public,SPY,sell,2 or more insiders,126,10772,-105.76980897653293,57.04305586218057,-1.8542100765442704,0.4627738581507612,-9.78174374703322,-0.2678263193642012
2017-2026,horizons,public,SPY,sell,all,252,48821,-136.6113410004126,61.25017324224886,-2.230382932307879,0.4382540300280617,,
2017-2026,horizons,insider,SPY,sell,all,252,67020,-137.88122966414343,66.70783857714768,-2.066941945730765,0.4397493285586392,,
2017-2026,roles,public,SPY,sell,CEO,252,8973,-14.788141268846005,124.4520604269535,-0.11882600591836588,0.45101972584419925,129.54878747735043,1.0719090874435402
2017-2026,roles,insider,SPY,sell,CEO,252,8978,-30.387282974646716,123.88506908208193,-0.2452860800724352,0.4515482290042326,124.12122785448575,1.0350027288162633
2017-2026,roles,public,SPY,sell,CFO,252,4808,-225.03302361984717,114.69165785830796,-1.962069672912539,0.4288685524126456,-105.63381754924065,-0.9863944707240556
2017-2026,roles,insider,SPY,sell,CFO,252,4813,-250.7030116364197,113.24853836786245,-2.213741698123001,0.4269686266361936,-121.55088378770795,-1.1521535294253369
2017-2026,roles,public,SPY,sell,Other officer,252,39684,-199.5169197636402,79.46114241044022,-2.5108740412147172,0.43188690656183854,-177.98934160252983,-2.8630966817253642
2017-2026,roles,insider,SPY,sell,Other officer,252,39701,-210.16173213756082,80.55950646607145,-2.6087763115340437,0.430845570640538,-177.3212517210889,-2.8198349239580196
2017-2026,roles,public,SPY,sell,Director,252,11626,23.19909267100983,68.27394712823056,0.33979422088249606,0.45492860829175985,181.7234787818442,2.7942575411978634
2017-2026,roles,insider,SPY,sell,Director,252,11638,19.620656193452707,68.36056917901415,0.2870171566604803,0.45428767829523975,190.59940757242614,2.8699036121255705
2017-2026,roles,public,SPY,sell,10% owner,252,1285,396.9171202366049,301.53743991905617,1.3163112359883142,0.553307392996109,534.1465093360799,1.6924540932565197
2017-2026,roles,insider,SPY,sell,10% owner,252,1286,389.1103064164182,299.75140466093893,1.2981100350690826,0.5614307931570762,537.3014383442245,1.7166801708001918
2017-2026,roles,public,SPY,sell,Other,252,604,-252.83966094914837,270.65601993519203,-0.9341734242958655,0.4056291390728477,-127.00304738140288,-0.4833053325968708
2017-2026,roles,insider,SPY,sell,Other,252,604,-242.48263870206233,253.4299939139861,-0.9568032376797543,0.41225165562913907,-105.55267456217351,-0.4246296146240708
2017-2026,mixed,public,SPY,sell,alone,252,46564,-144.8362352626175,58.18578602865834,-2.4892030364818147,0.4356799244051198,,
2017-2026,mixed,public,SPY,sell,other side in the 30 days before,252,2257,33.07584394655728,177.29200774786065,0.18656139307529723,0.49136021267168806,177.91207920917464,1.1748813731558745
2017-2026,mixed,public,SPY,sell,"other side the same day, this side bigger",252,274,-3.4574662899994006,273.16627500466666,-0.012657002735569516,0.5218978102189781,,
2017-2026,mixed,public,SPY,sell,"other side the same day, other side bigger",252,147,-303.96134923832005,263.18215825675514,-1.1549466394366352,0.41496598639455784,,
2017-2026,several insiders,public,SPY,sell,1 insider,252,38630,-138.41449027491709,59.412897835677754,-2.3297044129666817,0.4382604193631892,,
2017-2026,several insiders,public,SPY,sell,2 or more insiders,252,10191,-129.77632417437886,99.05753494199035,-1.3101105761452463,0.4382298106172113,8.638166100538276,0.10614320253137034
2017-2026,horizons,public,SPY,sell,all,504,43472,-357.66778382268006,185.09420066053647,-1.932355430620132,0.4118283032756717,,
2017-2026,horizons,insider,SPY,sell,all,504,59910,-343.03635797005614,193.70650906009394,-1.7709077492261003,0.41542313470205305,,
2017-2026,roles,public,SPY,sell,CEO,504,7891,-247.42141873766928,312.5017957467407,-0.7917439902911336,0.4399949309339754,98.42144005363288,0.5325141817593151
2017-2026,roles,insider,SPY,sell,CEO,504,7902,-242.68722864863742,316.116368109068,-0.7677148453284276,0.44052138699063526,115.59599172523839,0.5997185583280633
2017-2026,roles,public,SPY,sell,CFO,504,4237,-284.47414360949085,286.02410765716604,-0.9945810020687733,0.40287939579891435,52.08041872475573,0.3690946662185924
2017-2026,roles,insider,SPY,sell,CFO,504,4237,-303.155031297216,288.96982313325316,-1.049088891048051,0.402643379749823,42.91649957735088,0.2958999537745832
2017-2026,roles,public,SPY,sell,Other officer,504,35687,-440.73740514770236,181.84805716184982,-2.4236574865104763,0.40269565948384567,-267.1317421399459,-5.008461401748203
2017-2026,roles,insider,SPY,sell,Other officer,504,35711,-453.1327625166309,182.2924669717829,-2.4857459556283885,0.40066086079919355,-272.5681059707135,-5.022643876435973
2017-2026,roles,public,SPY,sell,Director,504,10345,-200.59406093712423,208.1772047085224,-0.9635736113278317,0.43789270178830353,159.91070948018037,1.2597483969997745
2017-2026,roles,insider,SPY,sell,Director,504,10361,-211.379190097818,207.52444427324042,-1.0185749001187645,0.43731300067561046,159.18748970162432,1.2239695488261466
2017-2026,roles,public,SPY,sell,10% owner,504,1165,1312.3357848361554,500.47407868179147,2.6221853253474037,0.5862660944206008,1677.8596027940152,3.040480335546001
2017-2026,roles,insider,SPY,sell,10% owner,504,1165,1297.2797287224778,489.57873173232036,2.649787755550974,0.5862660944206008,1672.8459741892875,3.108652782781714
2017-2026,roles,public,SPY,sell,Other,504,533,-923.5060933727905,541.0391182375885,-1.7069118705890836,0.3433395872420263,-595.9445339914362,-1.2633309022267416
2017-2026,roles,insider,SPY,sell,Other,504,534,-914.8555631554526,536.4725442834857,-1.7053166520895051,0.3352059925093633,-576.9618799288786,-1.2413612816887158
2017-2026,mixed,public,SPY,sell,alone,504,41415,-381.2683424429358,179.39056964205454,-2.125353318202269,0.4084027526258602,,
2017-2026,mixed,public,SPY,sell,other side in the 30 days before,504,2057,117.49854347819121,379.4988693402655,0.30961500275996845,0.48079727758872143,498.7668859211273,1.621345093067926
2017-2026,mixed,public,SPY,sell,"other side the same day, this side bigger",504,256,-458.2148420648515,547.2286851903959,-0.837337030140198,0.44921875,,
2017-2026,mixed,public,SPY,sell,"other side the same day, other side bigger",504,126,-1011.3181160894952,276.9261875609947,-3.6519410641391437,0.38095238095238093,,
2017-2026,several insiders,public,SPY,sell,1 insider,504,34305,-348.98754820886666,185.03512289436927,-1.8860611042374518,0.4108439003060778,,
2017-2026,several insiders,public,SPY,sell,2 or more insiders,504,9167,-390.151200723724,215.49762395267993,-1.8104663688050473,0.4155121631940657,-41.163652514857546,-0.3390936303786148
2017-2026,horizons,public,equal-weighted,sell,all,1,52841,1.1323416113635805,0.9708621392971206,1.166325851560518,0.5123294411536496,,
2017-2026,horizons,insider,equal-weighted,sell,all,1,72466,-3.3576942464475694,1.3014014625890242,-2.5800602988164245,0.49601192283277673,,
2017-2026,roles,public,equal-weighted,sell,CEO,1,9677,3.686123284047712,2.046429408685277,1.801246243043317,0.5147256381109848,2.3087706374011567,1.230303785008659
2017-2026,roles,insider,equal-weighted,sell,CEO,1,9677,-1.6189370122444597,2.336498151471164,-0.6928903458473119,0.5006716957734835,2.006733372625181,0.968698256117067
2017-2026,roles,public,equal-weighted,sell,CFO,1,5268,1.3580164643841388,3.018023095299041,0.44996887747460385,0.5138572513287776,-0.3533317843084445,-0.13012232884817165
2017-2026,roles,insider,equal-weighted,sell,CFO,1,5268,-4.246397725265094,2.802820086611654,-1.5150447028509026,0.4882308276385725,-0.9583735571890589,-0.38555400819750485
2017-2026,roles,public,equal-weighted,sell,Other officer,1,42754,1.0831120142505466,1.2027844713821103,0.9005038226058497,0.508537212892361,-1.4695885542992684,-1.0891493691995586
2017-2026,roles,insider,equal-weighted,sell,Other officer,1,42754,-3.346063223558872,1.4563170986719753,-2.2976199528318166,0.49656172521869296,0.028367451018189015,0.020017859400363647
2017-2026,roles,public,equal-weighted,sell,Director,1,12640,0.7831595453514681,1.8085142582343776,0.4330402935921854,0.5153481012658228,-1.0931830765316175,-0.6001431854817926
2017-2026,roles,insider,equal-weighted,sell,Director,1,12640,-3.8860729860183576,2.031862716341296,-1.9125667077625566,0.4957278481012658,-0.640014270413145,-0.28088174813351446
2017-2026,roles,public,equal-weighted,sell,10% owner,1,1464,9.104936809867812,4.082531516047309,2.2302183765339736,0.537568306010929,7.572253464886348,1.7918464132356313
2017-2026,roles,insider,equal-weighted,sell,10% owner,1,1464,-1.9741947570799947,5.019037452124305,-0.39334130815150975,0.5088797814207651,1.4120260555549269,0.2874276630718024
2017-2026,roles,public,equal-weighted,sell,Other,1,663,14.76987842497394,7.967911465899139,1.853669997236501,0.5475113122171946,13.20503042483101,1.6381830555135777
2017-2026,roles,insider,equal-weighted,sell,Other,1,663,-15.406370816305056,6.313738001251604,-2.440134641831982,0.43137254901960786,-12.159929199494345,-1.9514014573466676
2017-2026,mixed,public,equal-weighted,sell,alone,1,50391,1.353499650349278,1.0035377246294708,1.3487282213023146,0.5128098271516739,,
2017-2026,mixed,public,equal-weighted,sell,other side in the 30 days before,1,2450,-3.4163827733418453,2.955030740866438,-1.1561242751539482,0.5024489795918368,-4.7698824236911195,-1.54032585407288
2017-2026,mixed,public,equal-weighted,sell,"other side the same day, this side bigger",1,294,-5.832809700895871,9.31669045458921,-0.6260602656410839,0.4965986394557823,,
2017-2026,mixed,public,equal-weighted,sell,"other side the same day, other side bigger",1,158,-10.124168155556683,23.32538926441295,-0.4340406944891981,0.4177215189873418,,
2017-2026,several insiders,public,equal-weighted,sell,1 insider,1,41844,0.9560756556965082,0.9510009766715234,1.0053361449141158,0.5131201605965013,,
2017-2026,several insiders,public,equal-weighted,sell,2 or more insiders,1,10997,1.8030402245247157,1.8743096307842195,0.9619756495463962,0.5093207238337728,0.84696456882821,0.48360625403752455
2017-2026,horizons,public,equal-weighted,sell,all,5,52841,7.989714154369266,3.820646017506014,2.091194556564724,0.5117427754963002,,
2017-2026,horizons,insider,equal-weighted,sell,all,5,72466,-3.802995291023516,4.933531844084695,-0.7708464060251903,0.4963707117820771,,
2017-2026,roles,public,equal-weighted,sell,CEO,5,9677,17.875120236613,6.417936413777685,2.7851818846692904,0.5180324480727498,8.482108879006788,1.5631335954824555
2017-2026,roles,insider,equal-weighted,sell,CEO,5,9677,4.423728827945838,7.468958971902226,0.5922818487271974,0.5066652888291826,9.494621510220469,1.6279681494715124
2017-2026,roles,public,equal-weighted,sell,CFO,5,5268,13.635930495480745,7.291097525746381,1.870216445100266,0.5195520121488231,3.3540583145788117,0.531319745728592
2017-2026,roles,insider,equal-weighted,sell,CFO,5,5268,-7.599172823671369,7.424460714824986,-1.0235319594994317,0.48538344722854976,-4.093779592857811,-0.7324531615194756
2017-2026,roles,public,equal-weighted,sell,Other officer,5,42754,7.814861953796835,4.692444287224582,1.6654139027442891,0.5095897459886795,-6.611589334901692,-1.864998109060783
2017-2026,roles,insider,equal-weighted,sell,Other officer,5,42754,-5.587792283695878,4.951078331072075,-1.1286010662824502,0.49462038639659445,-4.3530256755181425,-1.4482835228767164
2017-2026,roles,public,equal-weighted,sell,Director,5,12640,10.744165099865885,5.712796869752079,1.8807189096384158,0.5121835443037974,0.26462306462809254,0.061346919001382276
2017-2026,roles,insider,equal-weighted,sell,Director,5,12640,-5.199642486630336,6.40045451496594,-0.8123864445051845,0.49485759493670883,-1.6917299447872787,-0.33800908055198237
2017-2026,roles,public,equal-weighted,sell,10% owner,5,1464,16.184007892777082,12.32789232714297,1.312796012757501,0.514344262295082,5.77497799069805,0.4579011728489291
2017-2026,roles,insider,equal-weighted,sell,10% owner,5,1464,6.753534096710765,13.814247535174175,0.4888817924765537,0.5102459016393442,10.774195918587543,0.8172622083910179
2017-2026,roles,public,equal-weighted,sell,Other,5,663,36.6930103960536,17.829048170979373,2.0580465117470155,0.5671191553544495,26.40892946949265,1.5380001111728547
2017-2026,roles,insider,equal-weighted,sell,Other,5,663,24.695234115105777,17.093478070045926,1.4447167518458943,0.5444947209653092,28.76137058541516,1.668978761017273
2017-2026,mixed,public,equal-weighted,sell,alone,5,50391,8.398978542896172,3.9381616897296423,2.132715516683818,0.5125121549483043,,
2017-2026,mixed,public,equal-weighted,sell,other side in the 30 days before,5,2450,-0.42793556083854634,8.134422265393479,-0.052607984547240146,0.4959183673469388,-8.826914103734724,-1.0290862042411328
2017-2026,mixed,public,equal-weighted,sell,"other side the same day, this side bigger",5,294,10.839782395399661,18.334926117858366,0.5912094941490724,0.5238095238095238,,
2017-2026,mixed,public,equal-weighted,sell,"other side the same day, other side bigger",5,158,-23.759104274960848,26.612979216013095,-0.892763793264639,0.4050632911392405,,
2017-2026,several insiders,public,equal-weighted,sell,1 insider,5,41844,6.698661525000386,3.423534230073693,1.9566509562418468,0.5106108402638371,,
2017-2026,several insiders,public,equal-weighted,sell,2 or more insiders,5,10997,12.902218130300081,6.702362219009735,1.9250254923116297,0.5160498317723016,6.2035566052996955,1.2551621382600116
2017-2026,horizons,public,equal-weighted,sell,all,21,52841,10.866671062614875,12.995193993918571,0.8362069137021124,0.5031698870195492,,
2017-2026,horizons,insider,equal-weighted,sell,all,21,72466,7.485157856498162,14.686106809172937,0.5096761145590291,0.5013109596224437,,
2017-2026,roles,public,equal-weighted,sell,CEO,21,9677,37.881026966059444,19.94851028112797,1.898940143008889,0.5191691639971066,25.292349644393028,1.8480635498520386
2017-2026,roles,insider,equal-weighted,sell,CEO,21,9677,28.609177452478157,20.174854842594556,1.4180611298415131,0.5152423271675106,24.379639810194238,1.7105788500621992
2017-2026,roles,public,equal-weighted,sell,CFO,21,5268,6.722438259145422,20.490789490308263,0.32807121767196923,0.49449506454062264,-9.968406015259978,-0.7257249194298923
2017-2026,roles,insider,equal-weighted,sell,CFO,21,5268,-4.431530231625158,19.02556064146197,-0.23292507985113592,0.4908883826879271,-12.850899118931276,-1.0863066421639278
2017-2026,roles,public,equal-weighted,sell,Other officer,21,42754,6.471104593152122,14.270884605633853,0.45344803577190035,0.5028067549235159,-23.15798643151957,-3.0450534243663894
2017-2026,roles,insider,equal-weighted,sell,Other officer,21,42754,-1.1664323942626547,14.585689667269033,-0.07997101411530669,0.4972868035739346,-21.100772048722195,-2.7001232047648402
2017-2026,roles,public,equal-weighted,sell,Director,21,12640,31.52337551691012,18.192438829443923,1.732773478720757,0.5145569620253164,18.844110786409534,1.7542600226375604
2017-2026,roles,insider,equal-weighted,sell,Director,21,12640,22.68748507592589,18.399490413436627,1.2330496424704163,0.5087816455696202,18.41426544116351,1.6367783209313678
2017-2026,roles,public,equal-weighted,sell,10% owner,21,1464,47.78708184296622,37.85818406784261,1.2622655581506719,0.5102459016393442,32.47702197870087,0.8447384250341584
2017-2026,roles,insider,equal-weighted,sell,10% owner,21,1464,31.77247250985022,38.067026282160896,0.8346455085392248,0.49658469945355194,24.788098133430143,0.6492283642580555
2017-2026,roles,public,equal-weighted,sell,Other,21,663,14.985362705073955,35.105278211979964,0.4268692193403577,0.5067873303167421,-0.9898731879556176,-0.027239752969155744
2017-2026,roles,insider,equal-weighted,sell,Other,21,663,8.293634618021153,34.63317514223904,0.23947081328694392,0.5082956259426847,0.8159419105124524,0.022852320051880835
2017-2026,mixed,public,equal-weighted,sell,alone,21,50391,10.800947573243933,13.324205128311696,0.8106260350415752,0.5024309896608521,,
2017-2026,mixed,public,equal-weighted,sell,other side in the 30 days before,21,2450,12.21845569644787,21.42965707817898,0.570165712492407,0.5183673469387755,1.4175081232039655,0.06395225119644914
2017-2026,mixed,public,equal-weighted,sell,"other side the same day, this side bigger",21,294,9.638817005266686,30.3071408354025,0.31803782011687987,0.5340136054421769,,
2017-2026,mixed,public,equal-weighted,sell,"other side the same day, other side bigger",21,158,-38.93775785965374,62.33150030306508,-0.6246882823344945,0.44936708860759494,,
2017-2026,several insiders,public,equal-weighted,sell,1 insider,21,41844,8.811223402208471,12.176589314157054,0.7236199870816161,0.5009559315553006,,
2017-2026,several insiders,public,equal-weighted,sell,2 or more insiders,21,10997,18.687726978050485,18.41712973909233,1.0146926933127793,0.5115940711103029,9.876503575842003,0.9172984175929069
2017-2026,horizons,public,equal-weighted,sell,all,63,52841,25.43294603851998,32.11055242745656,0.7920432417342406,0.49435097746068396,,
2017-2026,horizons,insider,equal-weighted,sell,all,63,72466,22.32987781093989,38.279419246857046,0.583338991298132,0.4940385836116248,,
2017-2026,roles,public,equal-weighted,sell,CEO,63,9677,80.3277488199154,59.90118679853851,1.3410042957926045,0.510902139092694,57.01957881219147,1.4157028310202582
2017-2026,roles,insider,equal-weighted,sell,CEO,63,9677,76.76597871943702,60.01932042327226,1.2790211248321848,0.5086287072439806,62.82575751222592,1.5775305682724807
2017-2026,roles,public,equal-weighted,sell,CFO,63,5268,-14.889115276133042,47.320583455475436,-0.31464352695782816,0.48234624145785876,-49.40300216592088,-1.8040309609505527
2017-2026,roles,insider,equal-weighted,sell,CFO,63,5268,-32.39952860420481,49.28147710301336,-0.6574382609612104,0.4758921791951405,-59.019928647874586,-2.193173597379041
2017-2026,roles,public,equal-weighted,sell,Other officer,63,42754,-3.597467618357293,34.199236299431476,-0.10519146061799915,0.4875567198390794,-84.19232634548918,-3.974841903957191
2017-2026,roles,insider,equal-weighted,sell,Other officer,63,42754,-11.017154380148401,35.939349938286576,-0.30654851573738984,0.48596622538242035,-81.3316516814554,-4.078225697837231
2017-2026,roles,public,equal-weighted,sell,Director,63,12640,114.1076552071324,47.10098923267985,2.4226169570120546,0.5166930379746836,100.76048925709158,2.920752210739331
2017-2026,roles,insider,equal-weighted,sell,Director,63,12640,100.32937652264881,48.07308439648738,2.087017668664083,0.5120253164556962,94.47918419487678,2.8347772446773356
2017-2026,roles,public,equal-weighted,sell,10% owner,63,1464,158.1760023830953,111.96065711470253,1.4127820116404428,0.5362021857923497,129.8773819997758,1.201833859600309
2017-2026,roles,insider,equal-weighted,sell,10% owner,63,1464,158.21522046833806,110.25392633967046,1.4350075840465615,0.5430327868852459,138.68718122040255,1.2940023582189264
2017-2026,roles,public,equal-weighted,sell,Other,63,663,32.95361559258804,88.07235671057677,0.37416525256477645,0.5067873303167421,2.0498920043338993,0.02103506036125983
2017-2026,roles,insider,equal-weighted,sell,Other,63,663,25.95819370055097,88.3397140247856,0.29384511810019953,0.4947209653092006,3.6618182980732707,0.03797505088115141
2017-2026,mixed,public,equal-weighted,sell,alone,63,50391,22.971206980368937,33.02728503466674,0.6955221101661082,0.49223075549205214,,
2017-2026,mixed,public,equal-weighted,sell,other side in the 30 days before,63,2450,76.06539211169928,45.76859602794348,1.6619559853935313,0.5379591836734694,53.09418513133031,1.0744564590487264
2017-2026,mixed,public,equal-weighted,sell,"other side the same day, this side bigger",63,294,57.64781359016701,87.54531019569315,0.6584911683025031,0.5170068027210885,,
2017-2026,mixed,public,equal-weighted,sell,"other side the same day, other side bigger",63,158,-9.948960780108488,153.30177839331458,-0.06489788236235071,0.4873417721518987,,
2017-2026,several insiders,public,equal-weighted,sell,1 insider,63,41844,23.505829741208846,29.690894814731212,0.7916847871336761,0.4929500047796578,,
2017-2026,several insiders,public,equal-weighted,sell,2 or more insiders,63,10997,32.76569627446489,45.90117221998957,0.7138313618098778,0.4996817313812858,9.259866533256012,0.36571986280154445
2017-2026,horizons,public,equal-weighted,sell,all,126,51584,26.88223746378965,69.94122925163165,0.38435466106942234,0.4813701923076923,,
2017-2026,horizons,insider,equal-weighted,sell,all,126,70872,26.384348375336653,77.55100959329853,0.34021927649561673,0.4824613387515521,,
2017-2026,roles,public,equal-weighted,sell,CEO,126,9472,52.32647553527726,116.28739399535546,0.44997547659694903,0.48500844594594594,20.70658642715084,0.2861894888635469
2017-2026,roles,insider,equal-weighted,sell,CEO,126,9481,45.327411685157415,115.98317742327262,0.3908102251737607,0.4812783461660162,21.868560259543266,0.30695143486971715
2017-2026,roles,public,equal-weighted,sell,CFO,126,5137,-15.694984849354366,86.19454344477715,-0.18208791673001642,0.469340081759782,-54.00157626343769,-1.0184450577401052
2017-2026,roles,insider,equal-weighted,sell,CFO,126,5142,-32.47908061694676,85.58895002279314,-0.37947749806835196,0.4642162582652664,-63.468263190949465,-1.2537357345827382
2017-2026,roles,public,equal-weighted,sell,Other officer,126,41900,0.474333521953162,74.30614336882672,0.006383503441953047,0.4773508353221957,-83.05549284665584,-2.2907050724048785
2017-2026,roles,insider,equal-weighted,sell,Other officer,126,41926,-6.7023194308031995,74.47117902635716,-0.0899988360387189,0.47672088918570815,-81.01009883081407,-2.340712112154108
2017-2026,roles,public,equal-weighted,sell,Director,126,12273,135.69337430691093,80.26517457391218,1.6905634981452349,0.506314674488715,122.54066595216571,3.0301282852057283
2017-2026,roles,insider,equal-weighted,sell,Director,126,12283,126.02725645272473,81.67332481672797,1.543065091760687,0.5023202800618741,120.53273108024796,2.9295904953225924
2017-2026,roles,public,equal-weighted,sell,10% owner,126,1382,255.2128288183466,211.80328306883922,1.2049521854455798,0.5586107091172214,225.21850362579073,1.2492147320739697
2017-2026,roles,insider,equal-weighted,sell,10% owner,126,1386,253.5969867680881,207.37606970995486,1.2228845262752823,0.5577200577200577,231.74472711295948,1.3185584349040071
2017-2026,roles,public,equal-weighted,sell,Other,126,654,-26.857236188455957,131.78959495644574,-0.20378874521415613,0.4724770642201835,-61.81753956290042,-0.40049722211310645
2017-2026,roles,insider,equal-weighted,sell,Other,126,654,-17.288975246652765,123.60563010154587,-0.13987206919659997,0.4785932721712538,-44.08009045739885,-0.2992631584007984
2017-2026,mixed,public,equal-weighted,sell,alone,126,49185,19.186056652913145,71.92964494134229,0.2667336488114063,0.47821490291755614,,
2017-2026,mixed,public,equal-weighted,sell,other side in the 30 days before,126,2399,184.67158851962978,98.56666859344621,1.8735703575550158,0.5460608586911213,165.48553186671663,1.535948844085013
2017-2026,mixed,public,equal-weighted,sell,"other side the same day, this side bigger",126,292,216.73652138710955,159.29648809615355,1.360585685079789,0.547945205479452,,
2017-2026,mixed,public,equal-weighted,sell,"other side the same day, other side bigger",126,153,-245.1363611864879,267.99683198250057,-0.9146987274927736,0.46405228758169936,,
2017-2026,several insiders,public,equal-weighted,sell,1 insider,126,40812,29.24841949406975,64.46697507927531,0.4536961670390591,0.480863471527982,,
2017-2026,several insiders,public,equal-weighted,sell,2 or more insiders,126,10772,17.917456455639716,94.26001684677813,0.19008543659359792,0.4832900111399926,-11.330963038430076,-0.2897745851825126
2017-2026,horizons,public,equal-weighted,sell,all,252,48821,103.57861601861568,152.03052502890455,0.681301442581501,0.4766186681960632,,
2017-2026,horizons,insider,equal-weighted,sell,all,252,67020,95.46394304289107,169.4462292685909,0.5633878278375273,0.47927484333034914,,
2017-2026,roles,public,equal-weighted,sell,CEO,252,8973,238.12866818833936,233.79238588128592,1.0185475771193648,0.493257550429065,152.5825370098651,1.2068952233015349
2017-2026,roles,insider,equal-weighted,sell,CEO,252,8978,222.7187276031,233.1606118942378,0.9552159165894012,0.4919803965248385,146.9386937256675,1.1724181620883958
2017-2026,roles,public,equal-weighted,sell,CFO,252,4808,6.516204506848428,171.50236367236738,0.037994837897959106,0.4679700499168053,-107.16315371960071,-1.0737991228420174
2017-2026,roles,insider,equal-weighted,sell,CFO,252,4813,-18.43553332152795,170.58789516975824,-0.10807058322152387,0.4618740910035321,-122.71196016434415,-1.257813103006208
2017-2026,roles,public,equal-weighted,sell,Other officer,252,39684,26.45323266890509,159.26229956350144,0.16609852263471553,0.4708194738433626,-195.1628607400521,-3.3343899503150696
2017-2026,roles,insider,equal-weighted,sell,Other officer,252,39701,16.51482903235226,158.5171245132733,0.1041832488638753,0.4704163623082542,-193.68094077331935,-3.30785543073923
2017-2026,roles,public,equal-weighted,sell,Director,252,11626,256.98496713698506,181.93826276162176,1.4124844506935332,0.4956132805780148,182.71218209906291,2.945895522246621
2017-2026,roles,insider,equal-weighted,sell,Director,252,11638,253.13716500748384,186.9540707185118,1.3540072384335557,0.495875579996563,190.80674833099218,2.949143437355092
2017-2026,roles,public,equal-weighted,sell,10% owner,252,1285,679.6740493556679,393.30087669796,1.728127470912381,0.5945525291828794,584.9085144214765,1.8221259351698853
2017-2026,roles,insider,equal-weighted,sell,10% owner,252,1286,668.8378595253669,392.8763214913722,1.7024132607087012,0.5972006220839814,584.5912295411134,1.841777925297002
2017-2026,roles,public,equal-weighted,sell,Other,252,604,33.255055316857295,250.22506845511467,0.13290057435960928,0.4470198675496689,-73.39368696216448,-0.28020726803817864
2017-2026,roles,insider,equal-weighted,sell,Other,252,604,41.993223626333965,240.29525992638276,0.17475677064624195,0.44039735099337746,-53.95699252134488,-0.21799685777134684
2017-2026,mixed,public,equal-weighted,sell,alone,252,46564,98.14120793261071,156.28411868845393,0.6279666082274887,0.47410016321621856,,
2017-2026,mixed,public,equal-weighted,sell,other side in the 30 days before,252,2257,215.75737991614957,152.09700405334075,1.418551149373613,0.5285777580859548,117.61617198353903,0.6903252620641751
2017-2026,mixed,public,equal-weighted,sell,"other side the same day, this side bigger",252,274,198.08990138097178,176.20050167600442,1.1242300645954877,0.551094890510949,,
2017-2026,mixed,public,equal-weighted,sell,"other side the same day, other side bigger",252,147,-50.357007604458396,340.05582458294396,-0.14808453190360127,0.4897959183673469,,
2017-2026,several insiders,public,equal-weighted,sell,1 insider,252,38630,108.45446730913382,137.41662627242263,0.7892383203625407,0.47615842609370956,,
2017-2026,several insiders,public,equal-weighted,sell,2 or more insiders,252,10191,85.09621631763258,212.58692135767004,0.40028904776536645,0.47836326170150134,-23.358250991501208,-0.26567073802239766
2017-2026,horizons,public,equal-weighted,sell,all,504,43472,143.006704099666,311.4964315114628,0.45909580217583806,0.45360231873389767,,
2017-2026,horizons,insider,equal-weighted,sell,all,504,59910,141.54327197302737,349.1435991602801,0.405401308554563,0.457035553329995,,
2017-2026,roles,public,equal-weighted,sell,CEO,504,7891,316.99587883832567,419.20546944930123,0.7561825928816112,0.4832087187935623,189.3596102405313,1.062541740949722
2017-2026,roles,insider,equal-weighted,sell,CEO,504,7902,322.53044722417195,426.99739281221866,0.7553452378244654,0.4850670716274361,208.4860342504246,1.1220413482090894
2017-2026,roles,public,equal-weighted,sell,CFO,504,4237,209.87585869589913,369.0422245568673,0.568704188112649,0.44300212414444184,61.63968105004084,0.4453699978184909
2017-2026,roles,insider,equal-weighted,sell,CFO,504,4237,190.28917808015535,371.68430910962775,0.511964517781217,0.44087797970261977,52.45571883818089,0.37016549852275993
2017-2026,roles,public,equal-weighted,sell,Other officer,504,35687,23.103333776466297,343.6969837959169,0.06722006553943102,0.4431585731498865,-320.6888046395715,-7.980952698602232
2017-2026,roles,insider,equal-weighted,sell,Other officer,504,35711,9.186510539100782,344.0644687027035,0.026699968682434887,0.44255271484976616,-327.67856430044804,-8.358084534844604
2017-2026,roles,public,equal-weighted,sell,Director,504,10345,278.309775849453,341.96030378178733,0.8138657404721712,0.47771870468825517,151.97580660961268,1.1834598846536515
2017-2026,roles,insider,equal-weighted,sell,Director,504,10361,267.16133461343753,343.746757136408,0.7772039417594293,0.47582279702731395,151.88557050166452,1.1597640531065994
2017-2026,roles,public,equal-weighted,sell,10% owner,504,1165,1932.6827948626853,652.447556648049,2.962204050225658,0.6394849785407726,1815.4164599655123,3.248395913235268
2017-2026,roles,insider,equal-weighted,sell,10% owner,504,1165,1918.2134931339504,645.4388098270556,2.9719525134349034,0.640343347639485,1811.904212269145,3.313366103648534
2017-2026,roles,public,equal-weighted,sell,Other,504,533,-396.9020689143004,515.4869291188346,-0.7699556409563258,0.37523452157598497,-554.4383057936288,-1.1560417795202038
2017-2026,roles,insider,equal-weighted,sell,Other,504,534,-385.5247244937594,516.4500926851654,-0.7464897963118,0.37453183520599254,-531.8081997494807,-1.1268352691921197
2017-2026,mixed,public,equal-weighted,sell,alone,504,41415,121.90953839708054,307.9560944574203,0.3958666205709282,0.45128576602680187,,
2017-2026,mixed,public,equal-weighted,sell,other side in the 30 days before,504,2057,567.7704948495809,491.87861386743407,1.1542898569739413,0.5002430724355859,445.86095645249986,1.3067632800723266
2017-2026,mixed,public,equal-weighted,sell,"other side the same day, this side bigger",504,256,-32.38688933345446,390.7059780538299,-0.08289325260590798,0.453125,,
2017-2026,mixed,public,equal-weighted,sell,"other side the same day, other side bigger",504,126,-423.8920720338131,530.6417357054987,-0.7988291223837496,0.3888888888888889,,
2017-2026,several insiders,public,equal-weighted,sell,1 insider,504,34305,166.25129505924002,287.4304121323002,0.5784053741074444,0.4541612009911092,,
2017-2026,several insiders,public,equal-weighted,sell,2 or more insiders,504,9167,56.02015529763828,405.45446428623023,0.13816632996323577,0.45151085415075815,-110.23113976160197,-0.829492532526559
2017-2026,timing,insider,SPY,sell,20 days before the trade,0,72464,251.29214138325906,15.233269156432122,16.496271338916966,0.6181828218149702,,
2017-2026,timing,insider,SPY,sell,from trade to public,0,72466,-11.08672241154527,1.956036818166501,-5.6679518036564644,0.47872105539149395,,
2017-2026,timing,insider,SPY,sell,from trade to the close on the filing day,0,72466,-4.213101087296306,1.2933674083801416,-3.2574665636371187,0.42051444815499683,,
2017-2026,timing,insider,SPY,sell,the day after the filing,0,72466,-6.882402359626925,1.055700711626183,-6.519274150175945,0.4788314519912787,,
